單字,字頻,拆字1,code1
的,335260.0,竹日心戈,hapi
年,309925.0,人手,oq
房,235639.0,竹尸卜竹尸,hsyhs
行,220547.0,竹人一一弓,hommn
款,219621.0,土火弓人,gfno
市,196504.0,卜中月,ylb
金,190748.0,金,c
不,183132.0,一火,mf
貸,179625.0,人心月山金,opbuc
價,164019.0,人一田金,omwc
業,157196.0,廿金廿木,tctd
有,153456.0,大月,kb
之,153353.0,戈弓人,ino
會,147500.0,人一田日,omwa
資,147278.0,戈人月山金,iobuc
政,142757.0,一一人大,mmok
以,142304.0,女戈人,vio
屋,140804.0,尸一戈土,smig
產,137840.0,卜竹竹手一,ykmqm
國,137093.0,田戈口一,wirm
為,132809.0,戈大弓火,iknf
住,131087.0,人卜土,oyg
地,130537.0,土心木,gpd
動,129431.0,竹土大尸,hgks
本,129392.0,木一,dm
月,122120.0,月,b
用,121941.0,月手,bq
新,121658.0,卜木竹一中,ydhml
中,118586.0,中,l
及,118453.0,弓竹水,nhe
一,118039.0,一,m
期,117726.0,廿金月,tcb
上,116184.0,卜一,ym
人,114404.0,人,o
第,112272.0,竹弓中竹,hnlh
率,112043.0,卜戈人十,yioj
建,111145.0,弓大中手,nklq
與,110248.0,竹難卜金,hxyc
高,109547.0,卜口月口,yrbr
宅,107929.0,十竹心,jhp
成,107805.0,戈竹尸,ihs
數,107104.0,中女人大,lvok
稅,104781.0,竹木金口山,hdcru
銀,103982.0,金日女,cav
大,103875.0,大,k
定,98527.0,十一卜人,jmyo
區,95672.0,尸口口口,srrr
分,92878.0,金尸竹,csh
於,90767.0,卜尸人卜,ysoy
在,90459.0,大中土,klg
是,89328.0,日一卜人,amyo
季,88724.0,竹木弓木,hdnd
對,86378.0,廿土木戈,tgdi
信,86083.0,人卜一口,oymr
融,85366.0,一月中一戈,mblmi
台,84626.0,戈口,ir
公,82221.0,金戈,ci
額,80540.0,十口一月金,jrmbc
部,80091.0,卜口弓中,yrnl
合,79573.0,人一口,omr
增,78099.0,土金田日,gcwa
法,77268.0,水土戈,egi
經,76430.0,女火一女一,vfmvm
關,75563.0,日弓女戈廿,anvit
計,74936.0,卜口十,yrj
管,73671.0,竹十口口,hjrr
機,73499.0,木女戈戈,dvii
理,73476.0,一土田土,mgwg
表,73333.0,手一女,qmv
放,73193.0,卜尸人大,ysok
可,73164.0,一弓口,mnr
其,73086.0,廿一一金,tmmc
全,72641.0,人一土,omg
者,72591.0,十大日,jka
制,71915.0,竹月中弓,hbln
利,71648.0,竹木中弓,hdln
來,71572.0,木人人,doo
購,70424.0,月金廿廿月,bcttb
出,69812.0,山山,uu
要,69794.0,一田女,mwv
元,69201.0,一一山,mmu
因,68491.0,田大,wk
日,67221.0,日,a
加,66238.0,大尸口,ksr
所,65464.0,竹尸竹一中,hshml
下,64991.0,一卜,my
施,64711.0,卜尸人心木,ysopd
案,63971.0,十女木,jvd
內,63574.0,人月,ob
發,63109.0,弓人弓竹水,nonhe
得,63007.0,竹人日一戈,hoami
實,62205.0,十田十金,jwjc
度,61854.0,戈廿水,ite
自,61851.0,竹月山,hbu
長,60643.0,尸一女,smv
戶,60568.0,竹尸,hs
能,59864.0,戈月心心,ibpp
主,58465.0,卜土,yg
限,58296.0,弓中日女,nlav
多,58051.0,弓戈弓戈,nini
較,57692.0,十十卜金大,jjyck
方,57642.0,卜竹尸,yhs
比,57565.0,心心,pp
策,57487.0,竹木月,hdb
規,57216.0,手人月山山,qobuu
相,57155.0,木月山,dbu
民,56664.0,口女心,rvp
應,56234.0,戈人土心,iogp
租,56154.0,竹木月一,hdbm
商,55880.0,卜金月口,ycbr
都,55573.0,十日弓中,janl
更,55463.0,一中田大,mlwk
交,55030.0,卜金大,yck
並,54692.0,廿廿金,ttc
時,54087.0,日土木戈,agdi
場,53772.0,土日一竹,gamh
前,53711.0,廿月中弓,tbln
指,53544.0,手心日,qpa
等,53278.0,竹土木戈,hgdi
北,53142.0,中一心,lmp
將,53030.0,女一月木戈,vmbdi
同,52968.0,月一口,bmr
農,52738.0,廿田一一女,twmmv
售,52729.0,人土口,ogr
府,52600.0,戈人木戈,iodi
工,52510.0,一中一,mlm
投,52343.0,手竹弓水,qhne
家,52339.0,十一尸人,jmso
持,52273.0,手土木戈,qgdi
性,52131.0,心竹手一,phqm
體,52022.0,月月廿田廿,bbtwt
提,51761.0,手日一人,qamo
或,51495.0,戈口一,irm
預,51443.0,弓弓一月金,nnmbc
過,51379.0,卜月月口,ybbr
萬,50873.0,廿田中月,twlb
外,50862.0,弓戈卜,niy
險,50525.0,弓中人一人,nlomo
至,50403.0,一戈土,mig
財,49799.0,月金木竹,bcdh
濟,49457.0,水卜難,eyx
調,49063.0,卜口月土口,yrbgr
升,48995.0,竹廿,ht
造,48954.0,卜竹土口,yhgr
化,48855.0,人心,op
易,48719.0,日心竹竹,aphh
保,48642.0,人口木,ord
重,48558.0,竹十田土,hjwg
後,48459.0,竹人女戈水,hovie
總,48226.0,女火竹田心,vfhwp
低,48215.0,人竹心一,ohpm
現,47780.0,一土月山山,mgbuu
製,47688.0,竹弓卜竹女,hnyhv
報,47542.0,土十尸中水,gjsle
位,46730.0,人卜廿,oyt
個,45991.0,人田十口,owjr
量,45937.0,日一田土,amwg
格,45871.0,木竹水口,dher
買,45299.0,田中月山金,wlbuc
進,45288.0,卜人土,yog
續,45131.0,女火土田金,vfgwc
措,44790.0,手廿日,qta
約,44547.0,女火心戈,vfpi
幣,44444.0,火大中月,fklb
間,44213.0,日弓日,ana
最,44114.0,日尸十水,asje
未,43968.0,十木,jd
擔,43839.0,手弓金口,qncr
減,43413.0,水戈竹口,eihr
負,43275.0,弓月山金,nbuc
務,43131.0,弓竹竹水尸,nhhes
均,43089.0,土心戈一,gpim
需,42851.0,一月一月中,mbmbl
縣,42807.0,月火竹女火,bfhvf
條,42513.0,人中竹木,olhd
和,42201.0,竹木口,hdr
如,41914.0,女口,vr
力,40982.0,大尸,ks
而,40805.0,一月中中,mbll
圖,40647.0,田口十田,wrjw
構,40607.0,木廿廿月,dttb
作,40605.0,人人尸,oos
料,40583.0,火木卜十,fdyj
降,40531.0,弓中竹水手,nlheq
標,40237.0,木一田火,dmwf
情,40157.0,心手一月,pqmb
由,40069.0,中田,lw
供,39680.0,人廿金,otc
營,39072.0,火火月口口,ffbrr
三,39058.0,一一一,mmm
目,39014.0,月山,bu
件,38852.0,人竹手,ohq
面,38541.0,一田尸中,mwsl
權,38124.0,木廿口土,dtrg
整,38064.0,木大一卜一,dkmym
平,38033.0,一火十,mfj
響,37917.0,女中卜廿日,vlyta
漲,37911.0,水弓尸女,ensv
基,37863.0,廿金土,tcg
單,37689.0,口口田十,rrwj
推,37404.0,手人土,qog
影,37321.0,日火竹竹竹,afhhh
轉,37311.0,十十十戈戈,jjjii
收,37239.0,女中人大,vlok
次,37216.0,戈一弓人,imno
二,37047.0,一一,mm
央,36827.0,中月大,lbk
各,36107.0,竹水口,her
風,36035.0,竹弓竹中戈,hnhli
題,35969.0,日人一月金,aombc
入,35883.0,人竹,oh
值,35804.0,人十月一,ojbm
變,35782.0,女火人大,vfok
辦,35743.0,卜十大尸十,yjksj
明,35565.0,日月,ab
已,35465.0,尸山,su
品,35457.0,口口口,rrr
他,35361.0,人心木,opd
求,35348.0,戈十水,ije
也,35288.0,心木,pd
設,35118.0,卜口竹弓水,yrhne
土,34810.0,土,g
到,34690.0,一土中弓,mgln
通,34680.0,卜弓戈月,ynib
無,34512.0,人廿火,otf
近,34458.0,卜竹一中,yhml
示,34358.0,一一火,mmf
開,34260.0,日弓一廿,anmt
項,34116.0,一一月金,mmbc
社,33869.0,戈火土,ifg
受,33755.0,月月水,bbe
別,33730.0,口尸中弓,rsln
臺,33653.0,土口月土,grbg
議,33569.0,卜口廿土戈,yrtgi
效,33070.0,卜大人大,ykok
正,32893.0,一卜中一,mylm
則,32869.0,月金中弓,bcln
依,32819.0,人卜竹女,oyhv
當,32646.0,火月口田,fbrw
這,32591.0,卜卜一口,yymr
例,32393.0,人一弓弓,omnn
且,32279.0,月一,bm
南,32101.0,十月廿十,jbtj
但,32082.0,人日一,oam
此,32046.0,卜一心,ymp
物,31847.0,竹手心竹竹,hqphh
問,31806.0,日弓口,anr
置,31382.0,田中十月一,wljbm
了,31304.0,弓弓,nn
準,31226.0,水土十,egj
使,30867.0,人十中大,ojlk
灣,30606.0,水女火弓,evfn
仍,30402.0,人弓竹尸,onhs
就,30384.0,卜火戈大山,yfiku
生,29987.0,竹手一,hqm
修,29946.0,人中竹竹,olhh
幅,29802.0,中月一口田,lbmrw
美,29711.0,廿土大,tgk
穩,29682.0,竹木月一心,hdbmp
徵,29385.0,竹人山土大,hougk
心,29182.0,心,p
非,29151.0,中一尸卜,lmsy
申,29135.0,中田中,lwl
積,29072.0,竹木手一金,hdqmc
範,28895.0,竹十十山,hjju
點,28755.0,田火卜口,wfyr
億,28688.0,人卜廿心,oytp
事,28660.0,十中中弓,jlln
展,28606.0,尸廿女,stv
採,28571.0,手月木,qbd
司,28447.0,尸一口,smr
築,28416.0,竹一弓木,hmnd
聯,28371.0,尸十女戈廿,sjvit
費,28357.0,中弓月山金,lnbuc
統,28302.0,女火卜戈山,vfyiu
助,28152.0,月一大尸,bmks
餘,28135.0,人戈人一木,oiomd
際,28132.0,弓中月人火,nlbof
眾,27882.0,田中人人人,wlooo
支,27827.0,十水,je
去,27791.0,土戈,gi
配,27644.0,一田尸山,mwsu
具,27322.0,月一一金,bmmc
致,27174.0,一土人大,mgok
企,27137.0,人卜中一,oylm
顯,27045.0,日火一月金,afmbc
取,27012.0,尸十水,sje
據,26985.0,手卜心人,qypo
處,26844.0,卜心竹水弓,yphen
勢,26787.0,土戈大尸,giks
導,26768.0,卜山木戈,yudi
強,26607.0,弓戈中戈,nili
適,26596.0,卜卜金月,yycb
義,26505.0,廿土竹手戈,tghqi
居,26240.0,尸十口,sjr
請,26074.0,卜口手一月,yrqmb
惟,25874.0,心人土,pog
源,25856.0,水一竹火,emhf
起,25771.0,土人口山,goru
除,25763.0,弓中人一木,nlomd
改,25545.0,尸山人大,suok
安,25472.0,十女,jv
賣,25450.0,土田中金,gwlc
估,25441.0,人十口,ojr
息,25357.0,竹山心,hup
解,25121.0,弓月尸竹手,nbshq
擴,24979.0,手戈廿金,qitc
程,24912.0,竹木口竹土,hdrhg
底,24894.0,戈竹心一,ihpm
結,24829.0,女火土口,vfgr
還,24794.0,卜田中女,ywlv
債,24770.0,人手一金,oqmc
向,24684.0,竹月口,hbr
算,24648.0,竹月山廿,hbut
查,24648.0,木日一,dam
說,24630.0,卜口金口山,yrcru
型,24577.0,一弓土,mng
意,24568.0,卜廿日心,ytap
員,24562.0,口月山金,rbuc
貨,24439.0,人心月山金,opbuc
審,24313.0,十竹木田,jhdw
研,24055.0,一口一廿,mrmt
證,24047.0,卜口弓人廿,yrnot
式,23823.0,戈心一,ipm
補,23763.0,中戈十月,lijb
回,23743.0,田口,wr
透,23659.0,卜竹木尸,yhds
百,23563.0,一日,ma
果,23560.0,田木,wd
該,23542.0,卜口卜女人,yryvo
析,23523.0,木竹一中,dhml
每,23462.0,人田卜戈,owyi
達,23445.0,卜土廿手,ygtq
承,23300.0,弓弓手人,nnqo
包,23240.0,心口山,pru
東,23195.0,木田,dw
立,23125.0,卜廿,yt
借,23049.0,人廿日,ota
共,23049.0,廿金,tc
股,23000.0,月竹弓水,bhne
原,22825.0,一竹日火,mhaf
僅,22777.0,人廿中一,otlm
少,22742.0,火竹,fh
係,22614.0,人竹女火,ohvf
六,22612.0,卜金,yc
五,22510.0,一木一,mdm
運,22478.0,卜月十十,ybjj
鄉,22418.0,女竹戈戈中,vhiil
文,22372.0,卜大,yk
危,22147.0,弓一尸山,nmsu
特,22117.0,竹手土木戈,hqgdi
核,22054.0,木卜女人,dyvo
專,22025.0,十戈木戈,jidi
評,21998.0,卜口一火十,yrmfj
四,21855.0,田金,wc
緩,21811.0,女火月一水,vfbme
亦,21651.0,卜中弓金,ylnc
協,21617.0,十大尸尸,jkss
匯,21593.0,尸水人土,seog
港,21579.0,水廿金山,etcu
選,21566.0,卜口山金,yruc
興,21465.0,竹難月金,hxbc
認,21437.0,卜口尸戈心,yrsip
若,21432.0,廿大口,tkr
然,21411.0,月大火,bkf
屬,21400.0,尸水田戈,sewi
況,21322.0,水口竹山,erhu
境,21285.0,土卜廿山,gytu
存,21270.0,大中弓木,klnd
球,21266.0,一土戈十水,mgije
集,21243.0,人土木,ogd
抵,21232.0,手竹心一,qhpm
趨,21221.0,土人心山山,gopuu
消,21206.0,水火月,efb
口,21193.0,口,r
編,21176.0,女火竹尸月,vfhsb
寬,21099.0,十廿月戈,jtbi
差,21096.0,廿手一,tqm
代,21091.0,人戈心,oip
團,21071.0,田十戈戈,wjii
流,21021.0,水卜戈山,eyiu
占,20942.0,卜口,yr
益,20941.0,廿金月廿,tcbt
授,20708.0,手月月水,qbbe
隨,20684.0,弓中卜大月,nlykb
號,20641.0,口尸卜心弓,rsypn
記,20633.0,卜口尸山,yrsu
券,20588.0,火手尸竹,fqsh
考,20485.0,十大一女尸,jkmvs
優,20356.0,人一月水,ombe
控,20349.0,手十金一,qjcm
免,20319.0,弓日竹山,nahu
告,20295.0,竹土口,hgr
備,20210.0,人廿竹月,othb
林,20157.0,木木,dd
氣,20139.0,人弓火木,onfd
完,20136.0,十一一山,jmmu
反,20081.0,竹水,he
我,20019.0,竹手戈,hqi
即,19967.0,日戈尸中,aisl
從,19908.0,竹人人人人,hoooo
訂,19899.0,卜口一弓,yrmn
園,19882.0,田土口女,wgrv
質,19871.0,竹中月山金,hlbuc
小,19811.0,弓金,nc
電,19811.0,一月田山,mbwu
登,19769.0,弓人一口廿,nomrt
再,19758.0,一土月,mgb
讓,19740.0,卜口卜口女,yryrv
樓,19706.0,木中中女,dllv
押,19702.0,手田中,qwl
今,19686.0,人戈弓,oin
類,19680.0,火大一月金,fkmbc
換,19509.0,手弓月大,qnbk
竹,19482.0,竹,h
決,19470.0,水木大,edk
宜,19441.0,十月一,jbm
銷,19425.0,金火月,cfb
布,19329.0,大中月,klb
確,19296.0,一口人月土,mrobg
觀,19281.0,廿土月山山,tgbuu
十,19274.0,十,j
移,19238.0,竹木弓戈弓,hdnin
青,19204.0,手一月,qmb
超,19169.0,土人尸竹口,goshr
劃,19154.0,中一中弓,lmln
跌,19064.0,口一竹手人,rmhqo
括,19049.0,手竹十口,qhjr
印,18998.0,竹心尸中,hpsl
疫,18914.0,大竹弓水,khne
課,18851.0,卜口田木,yrwd
貼,18826.0,月金卜口,bcyr
空,18767.0,十金一,jcm
針,18727.0,金十,cj
附,18626.0,弓中人木戈,nlodi
先,18555.0,竹土竹山,hghu
須,18496.0,竹竹一月金,hhmbc
景,18492.0,日卜口火,ayrf
錄,18451.0,金女弓水,cvne
參,18419.0,戈戈戈竹,iiih
坪,18377.0,土一火十,gmfj
逾,18374.0,卜人一弓,yomn
模,18356.0,木廿日大,dtak
監,18307.0,尸戈月廿,sibt
付,18294.0,人木戈,odi
雄,18159.0,大戈人土,kiog
含,18136.0,人戈弓口,oinr
形,18135.0,一廿竹竹竹,mthhh
究,18078.0,十金大弓,jckn
容,18071.0,十金人口,jcor
健,18026.0,人弓大手,onkq
維,18000.0,女火人土,vfog
步,17947.0,卜中一竹,ylmh
半,17936.0,火手,fq
炒,17921.0,火火竹,ffh
局,17908.0,尸尸口,ssr
給,17903.0,女火人一口,vfomr
學,17849.0,竹月弓木,hbnd
縮,17807.0,女火十人日,vfjoa
照,17801.0,日口火,arf
素,17797.0,手一女戈火,qmvif
陸,17795.0,弓中土金土,nlgcg
擇,17769.0,手田中十,qwlj
老,17748.0,十大心,jkp
頁,17745.0,一月山金,mbuc
子,17695.0,弓木,nd
委,17693.0,竹木女,hdv
檢,17670.0,木人一人,domo
桃,17657.0,木中一人,dlmo
首,17633.0,廿竹月山,thbu
論,17576.0,卜口人一月,yromb
兩,17565.0,一中月人,mlbo
組,17538.0,女火月一,vfbm
級,17501.0,女火弓竹水,vfnhe
服,17480.0,月尸中水,bsle
短,17479.0,人大一口廿,okmrt
促,17421.0,人口卜人,oryo
看,17322.0,竹手月山,hqbu
段,17318.0,竹十竹弓水,hjhne
列,17269.0,一弓中弓,mnln
院,17264.0,弓中十一山,nljmu
華,17197.0,廿一廿十,tmtj
筆,17152.0,竹中手,hlq
慎,17064.0,心十月金,pjbc
訊,17059.0,卜口弓十,yrnj
善,17000.0,廿土廿口,tgtr
執,16981.0,土十大弓戈,gjkni
否,16973.0,一火口,mfr
另,16937.0,口大尸,rks
們,16910.0,人日弓,oan
直,16883.0,十月一一,jbmm
創,16878.0,人口中弓,orln
系,16867.0,竹女戈火,hvif
接,16827.0,手卜廿女,qytv
庭,16825.0,戈弓大土,inkg
衝,16777.0,竹人竹土弓,hohgn
網,16614.0,女火月廿女,vfbtv
壓,16589.0,一大土,mkg
些,16508.0,卜心一一,ypmm
按,16457.0,手十女,qjv
契,16449.0,手竹大,qhk
引,16422.0,弓中,nl
門,16408.0,日弓,an
託,16392.0,卜口竹心,yrhp
波,16313.0,水木竹水,edhe
環,16281.0,一土田中女,mgwlv
客,16279.0,十竹水口,jher
做,16206.0,人十口大,ojrk
畫,16160.0,中土田一,lgwm
避,16116.0,卜尸口十,ysrj
足,16109.0,口卜人,ryo
蘭,16054.0,廿日弓田,tanw
惠,15963.0,十戈心,jip
路,15961.0,口一竹水口,rmher
速,15931.0,卜木中,ydl
倍,15910.0,人卜廿口,oytr
失,15874.0,竹手人,hqo
水,15858.0,水,e
排,15771.0,手中一卜,qlmy
延,15715.0,弓大竹卜一,nkhym
七,15688.0,十山,ju
歐,15664.0,尸口弓人,srno
根,15610.0,木日女,dav
落,15575.0,廿水竹口,tehr
漁,15550.0,水弓田火,enwf
彰,15521.0,卜十竹竹竹,yjhhh
納,15519.0,女火人月,vfob
只,15513.0,口金,rc
常,15494.0,火月口中月,fbrlb
違,15438.0,卜木一手,ydmq
帶,15423.0,大心月中月,kpblb
極,15400.0,木一水一,dmem
嚴,15316.0,口口一一大,rrmmk
討,15249.0,卜口木戈,yrdi
棟,15241.0,木木田,ddw
香,15199.0,竹木日,hda
被,15034.0,中木竹水,ldhe
張,14998.0,弓尸一女,nsmv
儲,14986.0,人卜口日,oyra
繳,14966.0,,
擊,14927.0,十水手,jeq
象,14880.0,弓日心人,napo
嘉,14865.0,土口廿口,grtr
符,14844.0,竹人木戈,hodi
何,14775.0,人一弓口,omnr
撥,14757.0,手弓人水,qnoe
責,14751.0,手一月山金,qmbuc
抑,14715.0,手竹女中,qhvl
革,14706.0,廿中十,tlj
略,14699.0,田竹水口,wher
樣,14680.0,木廿土水,dtge
必,14679.0,心竹,ph
壽,14679.0,土弓一戈,gnmi
庫,14676.0,戈十田十,ijwj
城,14659.0,土戈竹尸,gihs
稱,14617.0,竹木月土月,hdbgb
圍,14523.0,田木一手,wdmq
難,14418.0,廿人人土,toog
退,14417.0,卜日女,yav
鬆,14416.0,尸竹木金戈,shdci
止,14410.0,卜中一,ylm
韓,14410.0,十十木一手,jjdmq
膨,14323.0,月土廿竹,bgth
任,14315.0,人竹土,ohg
述,14305.0,卜戈木,yid
勵,14293.0,一月大尸,mbks
鎮,14274.0,金十月金,cjbc
測,14245.0,水月金弓,ebcn
逐,14135.0,卜一尸人,ymso
償,14134.0,人火月金,ofbc
層,14133.0,尸金田日,scwa
呈,14113.0,口竹土,rhg
種,14094.0,竹木竹十土,hdhjg
著,14074.0,廿十大日,tjka
屏,14073.0,尸廿廿,stt
富,14066.0,十一口田,jmrw
科,14026.0,竹木卜十,hdyj
票,14013.0,一田一一火,mwmmf
名,14007.0,弓戈口,nir
缺,13978.0,人山木大,oudk
好,13948.0,女弓木,vnd
歸,13938.0,竹一尸一月,hmsmb
溫,13883.0,水田人廿,ewot
態,13867.0,戈心心,ipp
弱,13838.0,弓一弓戈一,nmnim
獲,13820.0,大竹廿人水,khtoe
八,13786.0,竹人,ho
千,13786.0,竹十,hj
族,13772.0,卜尸人人大,ysook
連,13736.0,卜十田十,yjwj
望,13729.0,卜月竹土,ybhg
見,13681.0,月山竹山,buhu
防,13668.0,弓中卜竹尸,nlyhs
恐,13620.0,一弓心,mnp
尚,13604.0,火月口,fbr
許,13604.0,卜口人十,yroj
言,13553.0,卜一一口,ymmr
私,13533.0,竹木戈,hdi
活,13456.0,水竹十口,ehjr
車,13438.0,十田十,jwj
困,13381.0,田木,wd
域,13379.0,土戈口一,girm
廠,13327.0,戈火月大,ifbk
技,13313.0,手十水,qje
陳,13308.0,弓中木田,nldw
注,13303.0,水卜土,eyg
走,13282.0,土卜人,gyo
天,13230.0,一大,mk
雖,13180.0,口戈人土,riog
打,13146.0,手一弓,qmn
漸,13124.0,水十十中,ejjl
才,13121.0,木竹,dh
沒,13101.0,水弓水,ene
狀,13078.0,女一戈大,vmik
雙,13005.0,人土水,oge
周,12966.0,月土口,bgr
復,12845.0,竹人人日水,hooae
緊,12842.0,尸水女戈火,sevif
花,12808.0,廿人心,top
輕,12787.0,十十一女一,jjmvm
異,12763.0,田廿金,wtc
爭,12752.0,月尸木,bsd
舊,12740.0,廿人土難,togx
臨,12675.0,尸中人口口,slorr
待,12428.0,竹人土木戈,hogdi
始,12366.0,女戈口,vir
視,12276.0,戈火月山山,ifbuu
越,12271.0,土人戈女,goiv
般,12271.0,竹卜竹弓水,hyhne
英,12120.0,廿中月大,tlbk
很,12099.0,竹人日女,hoav
清,12089.0,水手一月,eqmb
留,12076.0,竹竹田,hhw
界,11983.0,田人中中,woll
道,11931.0,卜廿竹山,ythu
字,11520.0,十弓木,jnd
遠,11510.0,卜土口女,ygrv
熱,11420.0,土戈火,gif
手,11250.0,手,q
傳,10878.0,人十戈戈,ojii
廣,10772.0,戈廿中金,itlc
西,10612.0,一金田,mcw
山,10571.0,山,u
書,10476.0,中土日,lga
頭,9481.0,一廿一月金,mtmbc
世,9445.0,心廿,pt
身,9304.0,竹難竹,hxh
知,9158.0,人大口,okr
惰,8292.0,心大一月,pkmb
喀,8292.0,口十竹口,rjhr
萍,8292.0,廿水一十,temj
淮,8292.0,水人土,eog
苔,8292.0,廿戈口,tir
眶,8292.0,月山尸一土,busmg
塘,8292.0,土戈中口,gilr
詠,8292.0,卜口戈弓水,yrine
屯,8291.0,心山,pu
哄,8291.0,口廿金,rtc
妖,8291.0,女竹大,vhk
歹,8291.0,一弓戈,mni
沐,8291.0,水木,ed
沃,8291.0,水竹大,ehk
肘,8291.0,月木戈,bdi
伶,8291.0,人人戈戈,ooii
蘊,8290.0,廿女火廿,tvft
蟋,8290.0,中戈竹木心,lihdp
囂,8290.0,口口一金口,rrmcr
嬸,8290.0,女十竹田,vjhw
藻,8290.0,廿水口木,terd
蜒,8290.0,,
鍛,8290.0,金竹十水,chje
曠,8290.0,日戈廿金,aitc
鋸,8289.0,金尸十口,csjr
鮑,8289.0,弓火心口山,nfpru
斃,8289.0,火大一弓心,fkmnp
嫻,8289.0,女日弓木,vand
摹,8289.0,廿日大手,takq
樞,8289.0,木尸口口,dsrr
瞄,8289.0,月山廿田,butw
幟,8289.0,中月卜戈日,lbyia
惕,8288.0,心日心竹,paph
嗅,8288.0,口竹山大,rhuk
烽,8288.0,火竹水十,fhej
舜,8288.0,月月弓手,bbnq
墅,8288.0,田弓土,wng
勻,8288.0,心一一,pmm
焰,8288.0,火弓竹難,fnhx
軒,8288.0,十十一十,jjmj
瑕,8288.0,一土口尸水,mgrse
裳,8287.0,火月口卜女,fbryv
,8287.0,,
鵬,8287.0,月月竹火,bbhf
駭,8287.0,尸火卜女人,sfyvo
蔚,8287.0,廿尸火戈,tsfi
醋,8287.0,一田廿日,mwta
摧,8287.0,手山人土,quog
諱,8287.0,卜口木一手,yrdmq
揉,8286.0,手弓竹木,qnhd
裔,8286.0,卜女月金口,yvbcr
聆,8286.0,尸十人戈戈,sjoii
萌,8286.0,廿日月,tab
畸,8286.0,田大一口,wkmr
悵,8286.0,心尸一女,psmv
趾,8286.0,口一卜中一,rmylm
咀,8285.0,口月一,rbm
胳,8285.0,月竹水口,bher
耽,8285.0,尸十中月山,sjlbu
巫,8285.0,一人人,moo
杆,8285.0,,
汐,8285.0,水弓戈,eni
兜,8285.0,竹女竹山,hvhu
姍,8285.0,女月廿,vbt
毋,8284.0,田十竹,wjh
朧,8284.0,月卜月心,bybp
鴿,8284.0,人口竹日火,orhaf
飆,8284.0,,
饒,8284.0,人戈土土山,oiggu
繃,8284.0,女火山月月,vfubb
纍,8284.0,,
襪,8284.0,中廿田戈,ltwi
孵,8283.0,竹竹尸中木,hhsld
矯,8283.0,人大竹大月,okhkb
蹄,8283.0,口一卜月月,rmybb
蛀,8283.0,中戈卜土,liyg
傅,8283.0,人戈月戈,oibi
嗽,8283.0,口木中人,rdlo
蜘,8283.0,中戈人大口,liokr
梗,8283.0,木一中大,dmlk
侃,8282.0,人口竹山,orhu
侏,8282.0,人竹十木,ohjd
袁,8282.0,土口竹女,grhv
怡,8282.0,心戈口,pir
秉,8282.0,竹木中,hdl
祀,8282.0,戈火口山,ifru
哎,8282.0,口廿大,rtk
瀆,8281.0,水土田金,egwc
巍,8281.0,山竹女戈,uhvi
艦,8281.0,竹卜尸戈廿,hysit
籤,8281.0,竹人戈一,hoim
竅,8281.0,十金竹尸大,jchsk
聾,8281.0,卜心尸十,ypsj
癒,8281.0,大人一心,komp
檯,8281.0,,
蟑,8280.0,中戈卜廿十,liytj
墮,8280.0,弓月土,nbg
螂,8280.0,中戈戈戈中,liiil
糙,8280.0,火木卜竹口,fdyhr
嘿,8280.0,口田土火,rwgf
敷,8280.0,戈尸人大,isok
撈,8280.0,手火火尸,qffs
蜿,8279.0,中戈十弓山,lijnu
廓,8279.0,戈卜木中,iydl
蛛,8279.0,中戈竹十木,lihjd
綴,8279.0,女火水水水,vfeee
瘍,8279.0,大日一竹,kamh
滄,8279.0,水人戈口,eoir
嘮,8279.0,口火火尸,rffs
哺,8278.0,口戈十月,rijb
倖,8278.0,人土廿十,ogtj
哨,8278.0,口火月,rfb
眨,8278.0,月山竹戈人,buhio
虔,8278.0,卜心卜大,ypyk
凰,8278.0,竹弓竹日土,hnhag
紳,8278.0,女火中田中,vflwl
苛,8278.0,廿一弓口,tmnr
砌,8277.0,一口心尸竹,mrpsh
炭,8277.0,山大火,ukf
沮,8277.0,水月一,ebm
昧,8277.0,日十木,ajd
姜,8277.0,廿土女,tgv
纜,8277.0,女火尸田山,vfswu
枸,8277.0,木心口,dpr
瀾,8276.0,水日弓田,eanw
囑,8276.0,口尸水戈,rsei
幢,8276.0,中月卜廿土,lbytg
齋,8276.0,卜難火,yxf
鹹,8276.0,卜田戈竹口,ywihr
頹,8276.0,竹山一月金,humbc
嚨,8276.0,口卜月心,rybp
葵,8275.0,廿弓人大,tnok
廖,8275.0,戈尸一竹,ismh
漩,8275.0,水卜尸人,eyso
稜,8275.0,竹木土金水,hdgce
屢,8275.0,尸中中女,sllv
寥,8275.0,十尸一竹,jsmh
駁,8275.0,尸火大大,sfkk
蛻,8275.0,中戈金口山,licru
倩,8274.0,人手一月,oqmb
徘,8274.0,竹人中一卜,holmy
禽,8274.0,人卜山月,oyub
奢,8274.0,大十大日,kjka
韌,8274.0,木手尸竹戈,dqshi
絮,8274.0,女口女戈火,vrvif
棍,8274.0,木日心心,dapp
拂,8273.0,手中中弓,qlln
炙,8273.0,月火,bf
吏,8273.0,十中大,jlk
汲,8273.0,水弓竹水,enhe
杰,8273.0,木火,df
丑,8273.0,弓土,ng
柵,8273.0,木月廿,dbt
嘯,8272.0,口中難,rlx
禧,8272.0,戈火土口口,ifgrr
弓,8272.0,弓,n
蔥,8272.0,廿竹田心,thwp
鵡,8272.0,一一竹日火,mmhaf
謊,8272.0,卜口廿卜山,yrtyu
賈,8272.0,一田月山金,mwbuc
喲,8271.0,口女火戈,rvfi
崎,8271.0,山大一口,ukmr
塌,8271.0,土日尸一,gasm
喳,8271.0,口木日一,rdam
嗜,8271.0,口十心日,rjpa
媚,8271.0,女日竹山,vahu
嫂,8271.0,女竹難水,vhxe
徊,8270.0,竹人田口,howr
拙,8270.0,手山山,quu
咯,8270.0,口竹水口,rher
剔,8270.0,日竹中弓,ahln
秒,8270.0,竹木火竹,hdfh
咐,8270.0,口人木戈,rodi
迄,8270.0,卜人弓,yon
刪,8269.0,月廿中弓,btln
皂,8269.0,竹日心,hap
瀕,8269.0,水卜竹金,eyhc
云,8269.0,一一戈,mmi
薑,8269.0,廿一田一,tmwm
于,8269.0,一木,md
癢,8269.0,大廿人女,ktov
諮,8268.0,卜口戈人口,yrior
蝸,8268.0,中戈月月口,libbr
餡,8268.0,人戈弓竹難,oinhx
粹,8268.0,火木卜人十,fdyoj
蔽,8268.0,廿火月大,tfbk
嚀,8268.0,口十心弓,rjpn
傭,8267.0,人戈中月,oilb
摺,8267.0,手尸一日,qsma
嗓,8267.0,口水水木,reed
瑣,8267.0,一土火月金,mgfbc
溉,8267.0,水日戈山,eaiu
滯,8267.0,水大心月,ekpb
寢,8267.0,十女一水,jvme
椎,8266.0,木人土,dog
崙,8266.0,山人一月,uomb
嵌,8266.0,山廿一人,utmo
啄,8266.0,口一尸人,rmso
荊,8266.0,廿一廿弓,tmtn
啤,8266.0,口竹田十,rhwj
茵,8266.0,廿田大,twk
枉,8265.0,木一土,dmg
沼,8265.0,水尸竹口,eshr
栩,8265.0,木尸一一,dsmm
妄,8265.0,卜女女,yvv
胰,8265.0,月大弓,bkn
咒,8265.0,口口竹弓,rrhn
甫,8265.0,戈十月,ijb
撕,8264.0,手廿金中,qtcl
蠻,8264.0,女火中一戈,vflmi
蜀,8264.0,田中心中戈,wlpli
蹦,8264.0,口一山月月,rmubb
鉤,8264.0,金心口,cpr
朦,8264.0,月廿月人,btbo
棘,8263.0,木月木月,dbdb
郝,8263.0,,
肆,8263.0,尸戈中手,silq
屠,8263.0,尸十大日,sjka
耍,8263.0,一月女,mbv
砍,8263.0,一口弓人,mrno
搗,8263.0,手竹日山,qhau
灼,8262.0,火心戈,fpi
肫,8262.0,月心山,bpu
岡,8262.0,月廿山,btu
峇,8262.0,,
螃,8262.0,中戈卜月尸,liybs
嚥,8262.0,口廿中火,rtlf
熄,8261.0,火竹山心,fhup
稽,8261.0,竹木戈山日,hdiua
槐,8261.0,木竹山戈,dhui
趟,8261.0,土人火月口,gofbr
蔓,8261.0,廿日田水,tawe
嘖,8261.0,口手一金,rqmc
摟,8261.0,手中中女,qllv
隕,8260.0,弓中口月金,nlrbc
詭,8260.0,卜口弓一山,yrnmu
悍,8260.0,心日一十,pamj
梧,8260.0,木一一口,dmmr
琦,8260.0,,
娶,8260.0,尸水女,sev
厄,8259.0,一尸山,msu
囚,8259.0,田人,wo
攬,8259.0,手尸田山,qswu
曳,8259.0,中田心,lwp
坎,8259.0,土弓人,gno
咕,8259.0,口十口,rjr
拌,8259.0,手火手,qfq
翹,8258.0,土山尸一一,gusmm
蒐,8258.0,廿竹山戈,thui
璧,8258.0,尸十一土戈,sjmgi
瞎,8258.0,月山十手口,bujqr
樁,8258.0,木手大難,dqkx
龐,8258.0,戈卜月心,iybp
雍,8257.0,卜女竹土,yvhg
蓉,8257.0,廿十金口,tjcr
窘,8257.0,十金尸大口,jcskr
嶄,8257.0,山十十中,ujjl
熙,8257.0,尸山火,suf
瑚,8257.0,一土十口月,mgjrb
哮,8256.0,口十大木,rjkd
淹,8256.0,水大中山,eklu
秧,8256.0,竹木中月大,hdlbk
淫,8256.0,水月竹土,ebhg
啼,8256.0,口卜月月,rybb
怯,8256.0,心土戈,pgi
勿,8255.0,心竹竹,phh
伺,8255.0,人尸一口,osmr
鑰,8255.0,金人一月,comb
抉,8255.0,手木大,qdk
鸚,8255.0,月女竹日火,bvhaf
匣,8255.0,尸田中,swl
黯,8254.0,田火卜廿日,wfyta
翰,8254.0,十十人尸一,jjosm
謬,8254.0,卜口尸一竹,yrsmh
竄,8254.0,十金竹難女,jchxv
攪,8254.0,手竹月山,qhbu
蠢,8254.0,手日中戈戈,qalii
棧,8253.0,木戈戈,dii
瞇,8253.0,月山卜火木,buyfd
穎,8253.0,心木一月金,pdmbc
歎,8253.0,,
儉,8253.0,人人一人,oomo
熬,8253.0,土大火,gkf
罹,8253.0,田中心人土,wlpog
浦,8252.0,水戈十月,eijb
坤,8252.0,土中田中,glwl
梢,8252.0,木火月,dfb
祇,8252.0,戈火竹女心,ifhvp
涕,8252.0,水金弓竹,ecnh
烘,8252.0,火廿金,ftc
匈,8251.0,心山大,puk
乞,8251.0,人弓,on
躁,8251.0,口一口口木,rmrrd
繽,8251.0,女火十一金,vfjmc
攔,8251.0,手日弓田,qanw
圳,8251.0,土中中中,glll
鯉,8250.0,弓火田土,nfwg
篤,8250.0,竹尸手火,hsqf
攏,8250.0,手卜月心,qybp
濾,8250.0,水卜心心,eypp
魏,8250.0,竹女竹山戈,hvhui
磯,8250.0,一口女戈戈,mrvii
澆,8249.0,水土土山,eggu
瘡,8249.0,大人戈口,koir
鈕,8249.0,金弓土,cng
琉,8249.0,一土卜戈山,mgyiu
詹,8249.0,弓金卜一口,ncymr
杞,8248.0,木尸山,dsu
埔,8248.0,土戈十月,gijb
妃,8248.0,女尸山,vsu
迦,8248.0,卜大尸口,yksr
肖,8248.0,火月,fb
甸,8248.0,心田,pw
緞,8247.0,女火竹十水,vfhje
瓊,8247.0,一土弓月水,mgnbe
禦,8247.0,竹中一一火,hlmmf
扔,8247.0,手弓竹尸,qnhs
竊,8247.0,十金竹木月,jchdb
鑿,8247.0,廿水金,tec
榕,8246.0,木十金口,djcr
隙,8246.0,弓中火日火,nlfaf
淇,8246.0,水廿一金,etmc
蒜,8246.0,廿一火火,tmff
嗯,8246.0,口田大心,rwkp
逍,8246.0,卜火月,yfb
晝,8245.0,中土日一,lgam
峭,8245.0,山火月,ufb
洽,8245.0,水人一口,eomr
哼,8245.0,口卜口弓,ryrn
乍,8245.0,人尸,os
凹,8245.0,尸尸山,ssu
薛,8244.0,廿竹口十,thrj
擱,8244.0,手日弓口,qanr
窯,8244.0,十金廿土火,jctgf
醇,8244.0,一田卜口木,mwyrd
豫,8244.0,弓弓弓日人,nnnao
椰,8243.0,木尸十中,dsjl
鉅,8243.0,,
竭,8243.0,卜廿日心女,ytapv
摔,8243.0,手卜戈十,qyij
眺,8243.0,月山中一人,bulmo
冕,8242.0,日弓日山,anau
沫,8242.0,水木十,edj
框,8242.0,木尸一土,dsmg
芹,8242.0,廿竹一中,thml
杖,8242.0,木十大,djk
茄,8242.0,廿大尸口,tksr
輻,8241.0,十十一口田,jjmrw
徽,8241.0,竹人山火大,houfk
兇,8241.0,山大竹山,ukhu
賤,8241.0,月金戈戈,bcii
履,8241.0,尸竹人水,shoe
嘔,8240.0,口尸口口,rsrr
榔,8240.0,木戈戈中,diil
筍,8240.0,竹心日,hpa
滲,8240.0,水戈戈竹,eiih
渺,8240.0,水月山竹,ebuh
魁,8240.0,竹戈卜十,hiyj
彭,8239.0,土廿竹竹竹,gthhh
畜,8239.0,卜女戈田,yviw
耘,8239.0,手木一一戈,qdmmi
吼,8239.0,口弓木山,rndu
邱,8239.0,人一弓中,omnl
壤,8238.0,土卜口女,gyrv
划,8238.0,戈中弓,iln
鑲,8238.0,金卜口女,cyrv
爪,8238.0,竹中人,hlo
廬,8238.0,戈卜心廿,iypt
丫,8238.0,金中,cl
澈,8237.0,水卜月大,eybk
釐,8237.0,十大一田土,jkmwg
蕃,8237.0,廿竹木田,thdw
膏,8237.0,卜口月月,yrbb
瘤,8237.0,大竹竹田,khhw
袱,8236.0,中人戈大,loik
奠,8236.0,廿田大,twk
暇,8236.0,日口尸水,arse
煎,8236.0,廿月弓火,tbnf
煉,8236.0,火木田火,fdwf
宛,8235.0,十弓戈山,jniu
洶,8235.0,水心山大,epuk
桐,8235.0,木月一口,dbmr
躬,8235.0,竹竹弓,hhn
御,8235.0,竹人人一中,hooml
梵,8235.0,木木竹弓戈,ddhni
邏,8234.0,卜田中土,ywlg
鷺,8234.0,口口竹日火,rrhaf
汀,8234.0,水一弓,emn
帆,8234.0,中月竹弓戈,lbhni
狄,8234.0,大竹火,khf
賜,8233.0,月金日心竹,bcaph
褐,8233.0,中日心女,lapv
黛,8233.0,人心田土火,opwgf
槽,8233.0,木廿田日,dtwa
錫,8233.0,金日心竹,caph
棕,8232.0,木十一火,djmf
榴,8232.0,木竹竹田,dhhw
賄,8232.0,月金大月,bckb
媳,8232.0,女竹山心,vhup
腕,8232.0,月十弓山,bjnu
詮,8232.0,卜口人一土,yromg
眷,8231.0,火手月山,fqbu
陀,8231.0,弓中十心,nljp
飢,8231.0,人戈竹弓,oihn
卿,8231.0,竹竹日戈中,hhail
畔,8231.0,田火手,wfq
刮,8230.0,竹口中弓,hrln
卸,8230.0,人一尸中,omsl
卒,8230.0,卜人人十,yooj
襖,8230.0,中竹月大,lhbk
灶,8230.0,火土,fg
簇,8229.0,竹卜尸大,hysk
簿,8229.0,竹水戈戈,heii
襟,8229.0,中木木火,lddf
瀟,8229.0,水廿中難,etlx
澀,8229.0,水尸戈一,esim
締,8228.0,女火卜月月,vfybb
綢,8228.0,女火月土口,vfbgr
穆,8228.0,竹木竹日竹,hdhah
橡,8228.0,木弓日人,dnao
凳,8228.0,弓人一口弓,nomrn
掠,8227.0,手卜口火,qyrf
盞,8227.0,戈戈月廿,iibt
浸,8227.0,水尸一水,esme
淵,8227.0,水中難中,elxl
挪,8227.0,手尸手中,qsql
揀,8227.0,手木田火,qdwf
拭,8226.0,手戈心一,qipm
冤,8226.0,月弓日戈,bnai
峻,8226.0,山戈金水,uice
歪,8226.0,一火一卜一,mfmym
簾,8225.0,竹戈廿金,hitc
蠅,8225.0,中戈口難山,lirxu
函,8225.0,山弓水,une
旨,8225.0,心日,pa
旬,8225.0,心日,pa
瞻,8224.0,月山弓金口,buncr
艙,8224.0,竹卜人戈口,hyoir
盧,8224.0,卜心田月廿,ypwbt
櫥,8224.0,木戈土戈,digi
瀉,8224.0,水十竹火,ejhf
煥,8223.0,火弓月大,fnbk
緝,8223.0,女火口尸十,vfrsj
鈔,8223.0,金火竹,cfh
銜,8223.0,竹人金一弓,hocmn
筷,8223.0,竹心木大,hpdk
秩,8222.0,竹木竹手人,hdhqo
叛,8222.0,火手竹水,fqhe
剖,8222.0,卜口中弓,yrln
冥,8222.0,月日卜金,bayc
覓,8222.0,月月山山,bbuu
鏽,8221.0,金中難,clx
拘,8221.0,手心口,qpr
簷,8221.0,竹弓金口,hncr
戈,8221.0,戈,i
汰,8221.0,水大戈,eki
撤,8220.0,手卜月大,qybk
溺,8220.0,水弓一一,enmm
膩,8220.0,月戈心金,bipc
濁,8220.0,水田中戈,ewli
頌,8220.0,金戈一月金,cimbc
栓,8219.0,木人一土,domg
矩,8219.0,人大尸尸,okss
溯,8219.0,水廿山月,etub
菁,8219.0,廿手一月,tqmb
竿,8218.0,竹一十,hmj
沛,8218.0,水十月,ejb
哇,8218.0,口土土,rgg
禿,8218.0,竹木竹山,hdhu
旱,8218.0,日一十,amj
逸,8217.0,卜弓日戈,ynai
裹,8217.0,卜田木女,ywdv
蕉,8217.0,廿人土火,togf
掏,8217.0,手心人山,qpou
婉,8217.0,女十弓山,vjnu
偵,8216.0,人卜月金,oybc
豹,8216.0,月竹心戈,bhpi
衷,8216.0,十中竹女,jlhv
栽,8216.0,十戈木,jid
陋,8215.0,弓中一月女,nlmbv
泌,8215.0,水心竹,eph
拯,8215.0,手弓水一,qnem
屑,8215.0,尸火月,sfb
矽,8215.0,一口弓戈,mrni
札,8214.0,木山,du
○,8214.0,,
籲,8214.0,竹人月金,hobc
叭,8214.0,口金,rc
凶,8214.0,山大,uk
輿,8213.0,竹難十金,hxjc
濛,8213.0,水廿月人,etbo
遼,8213.0,卜大金火,ykcf
豎,8213.0,尸水一口廿,semrt
鋁,8213.0,金口竹口,crhr
嘲,8212.0,口十十月,rjjb
雇,8212.0,竹尸人土,hsog
傍,8212.0,人卜月尸,oybs
僕,8212.0,人廿金人,otco
斬,8211.0,十十竹一中,jjhml
祈,8211.0,戈火竹一中,ifhml
焉,8211.0,一卜中火,mylf
茅,8211.0,廿弓戈竹,tnih
辰,8211.0,一一一女,mmmv
頰,8210.0,大人一月金,kombc
辮,8210.0,卜十女火十,yjvfj
撼,8210.0,手戈口心,qirp
禱,8210.0,戈火土弓戈,ifgni
釀,8210.0,一田卜口女,mwyrv
楓,8209.0,木竹弓戈,dhni
綁,8209.0,女火手十中,vfqjl
蜥,8209.0,中戈木竹中,lidhl
墳,8209.0,土十廿金,gjtc
惶,8208.0,心竹日土,phag
傢,8208.0,人十一人,ojmo
募,8208.0,廿日大尸,taks
晰,8208.0,日木竹中,adhl
雁,8208.0,一人人土,moog
杭,8207.0,木卜竹弓,dyhn
堵,8207.0,土十大日,gjka
帥,8207.0,竹口中月,hrlb
梳,8207.0,木卜戈山,dyiu
叨,8206.0,口尸竹,rsh
丸,8206.0,大弓戈,kni
瓣,8206.0,卜十竹人十,yjhoj
嚼,8206.0,口月田戈,rbwi
懇,8205.0,月女心,bvp
笛,8205.0,竹中田,hlw
濕,8205.0,,
寡,8205.0,十一金竹,jmch
滔,8205.0,水月竹難,ebhx
侶,8204.0,人口竹口,orhr
砂,8204.0,一口火竹,mrfh
泣,8204.0,水卜廿,eyt
崗,8204.0,,
邪,8203.0,一竹弓中,mhnl
嚮,8203.0,女中竹月口,vlhbr
遵,8203.0,卜廿田戈,ytwi
嚷,8203.0,口卜口女,ryrv
醬,8203.0,女戈一金田,vimcw
諒,8202.0,卜口卜口火,yryrf
僚,8202.0,人大金火,okcf
搞,8202.0,手卜口月,qyrb
螞,8202.0,中戈尸手火,lisqf
剝,8201.0,女水中弓,veln
杉,8201.0,木竹竹竹,dhhh
朽,8201.0,木一女尸,dmvs
曹,8201.0,廿田日,twa
陡,8201.0,弓中土卜人,nlgyo
卜,8200.0,卜,y
驢,8200.0,尸火卜心廿,sfypt
蠟,8200.0,中戈女女女,livvv
蟬,8200.0,中戈口口十,lirrj
嘩,8199.0,口廿一十,rtmj
僵,8199.0,人一田一,omwm
搏,8199.0,手戈月戈,qibi
拱,8199.0,手廿金,qtc
睹,8199.0,月山十大日,bujka
岳,8198.0,人一山,omu
妳,8198.0,女弓火,vnf
削,8198.0,火月中弓,fbln
役,8198.0,竹人竹弓水,hohne
坊,8197.0,土卜竹尸,gyhs
窺,8197.0,十金手人山,jcqou
懲,8197.0,竹大心,hkp
饋,8197.0,,
墾,8196.0,月女土,bvg
狐,8196.0,大竹竹女人,khhvo
逛,8196.0,卜大竹土,ykhg
訣,8196.0,卜口木大,yrdk
昭,8196.0,日尸竹口,ashr
鍾,8195.0,金竹十土,chjg
鬚,8195.0,尸竹竹竹金,shhhc
儒,8195.0,人一月月,ombb
隸,8195.0,木火中水,dfle
溢,8194.0,水廿金廿,etct
菩,8194.0,廿卜廿口,tytr
絨,8194.0,女火戈十,vfij
颱,8194.0,竹弓戈口,hnir
湊,8193.0,水手大大,eqkk
宰,8193.0,十卜廿十,jytj
犀,8193.0,尸水竹手,sehq
莓,8193.0,廿人田卜,towy
仗,8192.0,人十大,ojk
拚,8192.0,手戈廿,qit
披,8192.0,手木竹水,qdhe
龜,8192.0,竹月尸尸,hbss
衍,8192.0,竹人水一弓,hoemn
噹,8191.0,口火月田,rfbw
雌,8191.0,卜一心人土,ympog
煤,8191.0,火廿一木,ftmd
諷,8191.0,卜口竹弓戈,yrhni
笨,8190.0,竹木一,hdm
栗,8190.0,一田木,mwd
狼,8190.0,大竹戈日女,khiav
豚,8190.0,月一尸人,bmso
篩,8189.0,竹竹口月,hhrb
藤,8189.0,廿月火水,tbfe
虐,8189.0,卜心尸一,ypsm
聳,8189.0,竹人尸十,hosj
嘻,8188.0,口土口口,rgrr
聘,8188.0,尸十中田尸,sjlws
煌,8188.0,火竹日土,fhag
甦,8188.0,一大竹手一,mkhqm
莎,8187.0,廿水火竹,tefh
喧,8187.0,口十一一,rjmm
疹,8187.0,大人竹竹,kohh
梭,8187.0,木戈金水,dice
殷,8186.0,竹尸竹弓水,hshne
咳,8186.0,口卜女人,ryvo
唉,8186.0,口戈人大,riok
哦,8186.0,口竹手戈,rhqi
歧,8185.0,卜一十水,ymje
叉,8185.0,水戈,ei
仇,8185.0,人大弓,okn
蘋,8185.0,廿卜竹金,tyhc
檳,8184.0,木十一金,djmc
濱,8184.0,水十一金,ejmc
闖,8184.0,日弓尸手火,ansqf
燙,8184.0,水竹火,ehf
鼎,8183.0,月山女一中,buvml
賠,8183.0,月金卜廿口,bcytr
辣,8183.0,卜十木中,yjdl
潭,8183.0,水一田十,emwj
娜,8182.0,女尸手中,vsql
沸,8182.0,水中中弓,elln
腎,8182.0,尸水月,seb
偽,8182.0,人戈大火,oikf
蔭,8181.0,廿弓中戈,tnli
漿,8181.0,女戈水,vie
凸,8181.0,月尸尸,bss
矣,8181.0,戈人大,iok
淪,8180.0,水人一月,eomb
淒,8180.0,水十中女,ejlv
恥,8180.0,尸十心,sjp
塢,8180.0,土竹口火,ghrf
范,8179.0,廿水尸山,tesu
宵,8179.0,十火月,jfb
沾,8179.0,水卜口,eyr
畏,8179.0,田一女,wmv
駱,8178.0,尸火竹水口,sfher
瞪,8178.0,月山弓人廿,bunot
膝,8178.0,月木人水,bdoe
矚,8178.0,月山尸水戈,busei
棲,8177.0,木十中女,djlv
僧,8177.0,人金田日,ocwa
撰,8177.0,手口山金,qruc
澄,8177.0,水弓人廿,enot
辱,8176.0,一女木戈,mvdi
倆,8176.0,人一中月,omlb
劣,8176.0,火竹大尸,fhks
茲,8176.0,廿女戈戈,tvii
哩,8175.0,口田土,rwg
爹,8175.0,金大弓戈弓,cknin
挽,8175.0,手弓日山,qnau
狠,8175.0,大竹日女,khav
屁,8174.0,尸心心,spp
侯,8174.0,人弓一大,onmk
兆,8174.0,中一山人,lmuo
驟,8173.0,尸火尸水人,sfseo
仕,8173.0,人土,og
薦,8173.0,,
壘,8173.0,田田田土,wwwg
匪,8172.0,尸中一卜,slmy
允,8172.0,戈竹山,ihu
墜,8172.0,弓人土,nog
勾,8172.0,心戈,pi
燦,8171.0,火卜水木,fyed
顫,8171.0,卜一一月金,ymmbc
巾,8171.0,中月,lb
惹,8171.0,廿大口心,tkrp
欺,8170.0,廿金弓人,tcno
莉,8170.0,廿竹木弓,thdn
戚,8170.0,戈竹卜一火,ihymf
俊,8169.0,人戈金水,oice
咪,8169.0,口火木,rfd
洩,8169.0,,
衫,8169.0,中竹竹竹,lhhh
髓,8168.0,月月卜大月,bbykb
吻,8168.0,口心竹竹,rphh
仲,8168.0,人中,ol
騷,8168.0,尸火水戈戈,sfeii
鬍,8167.0,尸竹十口月,shjrb
謎,8167.0,卜口卜火木,yryfd
謹,8167.0,卜口廿中一,yrtlm
誓,8166.0,手中卜一口,qlymr
瑜,8166.0,一土人一弓,mgomn
皺,8166.0,心山木竹水,pudhe
鉛,8166.0,金金口,ccr
倚,8165.0,人大一口,okmr
堤,8165.0,土日一人,gamo
恍,8165.0,心火一山,pfmu
崩,8165.0,山月月,ubb
弗,8164.0,中中弓,lln
剎,8164.0,大金中弓,kcln
髒,8164.0,月月廿一廿,bbtmt
糟,8163.0,火木廿田日,fdtwa
軀,8163.0,竹竹尸口口,hhsrr
篷,8163.0,竹卜竹十,hyhj
螢,8163.0,火火月中戈,ffbli
賊,8162.0,月金戈十,bcij
飼,8162.0,人戈尸一口,oismr
綱,8162.0,女火月廿山,vfbtu
瘧,8162.0,大卜心一,kypm
辜,8161.0,十口卜廿十,jrytj
壺,8161.0,土月中一,gblm
棚,8161.0,木月月,dbb
芝,8160.0,廿戈弓人,tino
枕,8160.0,木中月山,dlbu
喃,8160.0,口十月十,rjbj
魄,8160.0,竹日竹山戈,hahui
趁,8159.0,土人人竹竹,goohh
逗,8159.0,卜一口廿,ymrt
頑,8159.0,一山一月金,mumbc
肪,8158.0,月卜竹尸,byhs
咱,8158.0,口竹月山,rhbu
晉,8158.0,一戈戈日,miia
掀,8158.0,手竹中人,qhlo
蹲,8157.0,口一廿田戈,rmtwi
吱,8157.0,口十水,rje
妥,8157.0,月女,bv
註,8156.0,卜口卜土,yryg
裙,8156.0,中尸大口,lskr
蝕,8156.0,人戈中一戈,oilmi
裸,8156.0,中田木,lwd
唸,8155.0,口人戈心,roip
倘,8155.0,人火月口,ofbr
枚,8155.0,木人大,dok
霜,8154.0,一月木月山,mbdbu
伐,8154.0,人戈,oi
藩,8154.0,廿水竹田,tehw
雛,8154.0,心山人土,puog
濤,8153.0,水土弓戈,egni
諧,8153.0,卜口心心日,yrppa
澡,8153.0,水口口木,errd
跪,8152.0,口一弓一山,rmnmu
橘,8152.0,木弓竹月,dnhb
蔡,8152.0,廿月人火,tbof
遣,8152.0,卜中一口,ylmr
愧,8151.0,心竹山戈,phui
訝,8151.0,卜口一女竹,yrmvh
倡,8151.0,人日日,oaa
赴,8150.0,土人卜,goy
轟,8150.0,十十十十十,jjjjj
忌,8150.0,尸山心,sup
瞧,8149.0,月山人土火,buogf
蕙,8149.0,廿十戈心,tjip
鵑,8149.0,口月竹日火,rbhaf
濫,8149.0,水尸戈廿,esit
梨,8148.0,竹弓木,hnd
溶,8148.0,水十金口,ejcr
暈,8148.0,日月十十,abjj
犬,8147.0,戈大,ik
啞,8147.0,口一中一,rmlm
襯,8147.0,中卜木山,lydu
挨,8147.0,手戈人大,qiok
踢,8146.0,口一日心竹,rmaph
猩,8146.0,大竹日竹一,khahm
僑,8146.0,人竹大月,ohkb
欽,8145.0,金弓人,cno
爽,8145.0,大大大大,kkkk
喬,8145.0,竹大口月口,hkrbr
燥,8144.0,火口口木,frrd
鑼,8144.0,金田中土,cwlg
盲,8144.0,卜女月山,yvbu
賭,8143.0,月金十大日,bcjka
酷,8143.0,一田竹土口,mwhgr
萎,8143.0,廿竹木女,thdv
愚,8143.0,田月心,wbp
廁,8142.0,戈月金弓,ibcn
脾,8142.0,月竹田十,bhwj
喇,8142.0,口木中弓,rdln
俠,8141.0,人大人人,okoo
拋,8141.0,手大山尸,qkus
帕,8141.0,中月竹日,lbha
顛,8140.0,十金一月金,jcmbc
夷,8140.0,大弓,kn
呂,8140.0,口竹口,rhr
鹽,8140.0,尸田月廿,swbt
疆,8139.0,弓土一田一,ngmwm
彌,8139.0,弓一火月,nmfb
踩,8138.0,口一月木,rmbd
瓷,8138.0,戈人一女弓,iomvn
遮,8138.0,卜戈廿火,yitf
乖,8137.0,竹十中心,hjlp
扯,8137.0,手卜中一,qylm
屆,8137.0,尸山土,sug
踐,8136.0,口一戈戈,rmii
駝,8136.0,尸火十心,sfjp
蕭,8136.0,廿中難,tlx
抄,8136.0,手火竹,qfh
玲,8135.0,一土人戈戈,mgoii
蓬,8135.0,廿卜竹十,tyhj
脖,8135.0,月十月木,bjbd
泊,8134.0,水竹日,eha
牡,8134.0,竹手土,hqg
芒,8134.0,廿卜女,tyv
矛,8133.0,弓戈弓竹,ninh
汝,8133.0,水女,ev
穴,8133.0,十金,jc
醜,8132.0,一田竹山戈,mwhui
譜,8132.0,卜口廿金日,yrtca
騙,8132.0,尸火竹尸月,sfhsb
賦,8131.0,月金一心一,bcmpm
貶,8131.0,月金竹戈人,bchio
蝦,8131.0,中戈口尸水,lirse
桶,8130.0,木弓戈月,dnib
捲,8130.0,手火手山,qfqu
焚,8130.0,木木火,ddf
翔,8130.0,廿手尸一一,tqsmm
崖,8129.0,山一土土,umgg
庸,8129.0,戈中月,ilb
株,8129.0,木竹十木,dhjd
妝,8128.0,女一女,vmv
卓,8128.0,卜日十,yaj
癮,8127.0,大弓中心,knlp
謙,8127.0,卜口廿難金,yrtxc
螺,8127.0,中戈田女火,liwvf
廈,8126.0,戈一山水,imue
蔔,8126.0,廿心一田,tpmw
歉,8126.0,廿金弓人,tcno
捧,8125.0,手手大手,qqkq
呵,8125.0,口一弓口,rmnr
紮,8125.0,木山女戈火,duvif
瀑,8124.0,水日廿水,eate
禪,8124.0,戈火口口十,ifrrj
闢,8124.0,日弓尸口十,ansrj
瞬,8123.0,月山月月手,bubbq
暮,8123.0,廿日大日,taka
憾,8123.0,心戈口心,pirp
嫩,8122.0,女木中大,vdlk
碩,8122.0,一口一月金,mrmbc
煮,8122.0,十日火,jaf
臭,8121.0,竹山戈大,huik
昔,8121.0,廿日,ta
娛,8121.0,女口女大,vrvk
櫃,8120.0,木尸中金,dslc
匹,8120.0,尸金,sc
犧,8120.0,竹手廿土尸,hqtgs
舅,8119.0,竹難田大尸,hxwks
喉,8119.0,口人弓大,ronk
喘,8119.0,口山一月,rumb
巢,8118.0,女女田木,vvwd
澎,8118.0,水土廿竹,egth
扁,8117.0,竹尸月廿,hsbt
捏,8117.0,手日土,qag
填,8117.0,土十月金,gjbc
蘿,8116.0,廿田中土,twlg
怖,8116.0,心大中月,pklb
懶,8116.0,心木中金,pdlc
糞,8115.0,火木田廿金,fdwtc
蕾,8115.0,廿一月田,tmbw
盼,8114.0,月山金尸竹,bucsh
楞,8114.0,木田中尸,dwls
毯,8114.0,竹山火火,huff
弦,8113.0,弓卜女戈,nyvi
鯨,8113.0,弓火卜口火,nfyrf
盾,8113.0,竹十月山,hjbu
糧,8112.0,火木日一土,fdamg
嶼,8112.0,山竹難金,uhxc
碌,8111.0,一口弓一水,mrnme
蔬,8111.0,廿弓一山,tnmu
擋,8111.0,手火月田,qfbw
拳,8110.0,火手手,fqq
睜,8110.0,月山月尸木,bubsd
脊,8110.0,火金月,fcb
倉,8109.0,人戈日口,oiar
抹,8109.0,手木十,qdj
妓,8109.0,女十水,vje
蘆,8108.0,廿卜心廿,typt
斥,8108.0,竹一卜,hmy
鶴,8108.0,十土竹日火,jghaf
誦,8107.0,卜口弓戈月,yrnib
鞭,8107.0,廿十人一大,tjomk
墊,8107.0,土戈土,gig
羞,8106.0,廿手弓土,tqng
烤,8106.0,火十大尸,fjks
凌,8106.0,戈一土金水,imgce
鍊,8105.0,金木田火,cdwf
燭,8105.0,火田中戈,fwli
芙,8105.0,廿手人,tqo
餃,8104.0,人戈卜金大,oiyck
鴉,8104.0,一竹竹日火,mhhaf
魅,8104.0,竹戈十木,hijd
污,8103.0,,
腺,8103.0,月竹日水,bhae
弊,8102.0,火大廿,fkt
蕩,8102.0,廿水日竹,teah
磁,8102.0,一口廿女戈,mrtvi
驕,8101.0,尸火竹大月,sfhkb
征,8101.0,竹人一卜一,homym
嫌,8101.0,女廿難金,vtxc
薯,8100.0,廿田中日,twla
翼,8100.0,尸一田廿金,smwtc
譬,8100.0,尸十卜一口,sjymr
敞,8099.0,火月人大,fbok
軸,8099.0,十十中田,jjlw
悔,8098.0,心人田卜,powy
珊,8098.0,一土月月一,mgbbm
伍,8097.0,人一木一,omdm
芬,8097.0,廿金尸竹,tcsh
昇,8097.0,,
欄,8096.0,木日弓田,danw
罐,8096.0,人山廿口土,outrg
仿,8096.0,人卜竹尸,oyhs
誼,8095.0,卜口十月一,yrjbm
嫁,8095.0,女十一人,vjmo
銘,8095.0,金弓戈口,cnir
郭,8094.0,卜木弓中,ydnl
紡,8094.0,女火卜竹尸,vfyhs
佔,8093.0,人卜口,oyr
舟,8093.0,竹月卜戈,hbyi
倦,8093.0,人火手山,ofqu
匙,8092.0,日人心,aop
奴,8092.0,女水,ve
歇,8092.0,日女弓人,avno
嬌,8091.0,女竹大月,vhkb
狹,8091.0,大竹大人人,khkoo
潰,8091.0,水中一金,elmc
慨,8090.0,心日戈山,paiu
窄,8090.0,十金人尸,jcos
桑,8089.0,水水水木,eeed
恭,8089.0,廿金心,tcp
晃,8089.0,日火一山,afmu
銳,8088.0,金金口山,ccru
抖,8088.0,手卜十,qyj
虹,8088.0,中戈一,lim
蛇,8087.0,中戈十心,lijp
痴,8087.0,大人大口,kokr
屍,8086.0,尸一弓心,smnp
脆,8086.0,月弓一山,bnmu
昆,8086.0,日心心,app
鬱,8085.0,木木月山竹,ddbuh
拆,8085.0,手竹一卜,qhmy
玄,8085.0,卜女戈,yvi
餵,8084.0,人戈田一女,oiwmv
渦,8084.0,水月月口,ebbr
扇,8083.0,竹尸尸一一,hssmm
頃,8083.0,心一月金,pmbc
碳,8083.0,一口山大火,mrukf
葬,8082.0,廿一心廿,tmpt
嘛,8082.0,口戈木木,ridd
甄,8082.0,一土一女弓,mgmvn
紗,8081.0,女火火竹,vffh
逆,8081.0,卜廿山,ytu
纖,8080.0,女火人戈一,vfoim
糾,8080.0,女火女中,vfvl
繫,8080.0,十水女戈火,jevif
霞,8079.0,一月口尸水,mbrse
蔣,8079.0,廿女一戈,tvmi
遜,8078.0,卜弓木火,yndf
脅,8078.0,大尸大尸月,ksksb
熊,8078.0,戈心火,ipf
蠶,8077.0,一山日中戈,muali
恰,8077.0,心人一口,pomr
繡,8076.0,女火中難,vflx
箏,8076.0,竹月尸木,hbsd
攜,8076.0,手山人月,quob
腫,8075.0,月竹十土,bhjg
碟,8075.0,一口心廿木,mrptd
誇,8075.0,卜口大一尸,yrkms
脣,8074.0,一女月,mvb
羨,8074.0,廿土水弓人,tgeno
掙,8073.0,手月尸木,qbsd
浩,8073.0,水竹土口,ehgr
蚊,8073.0,中戈卜大,liyk
挫,8072.0,手人人土,qoog
牲,8072.0,竹手竹手一,hqhqm
伙,8071.0,人火,of
咬,8071.0,口卜金大,ryck
匠,8071.0,尸竹一中,shml
穫,8070.0,竹木廿人水,hdtoe
曰,8070.0,日,a
謠,8069.0,卜口月人山,yrbou
劍,8069.0,人人中弓,ooln
瑪,8069.0,一土尸手火,mgsqf
傻,8068.0,人竹金水,ohce
涵,8068.0,水山弓水,eune
械,8067.0,木戈廿,dit
丘,8067.0,人一,om
瑰,8067.0,一土竹山戈,mghui
瑟,8066.0,一土心竹,mgph
亭,8066.0,卜口月弓,yrbn
葛,8065.0,廿日心女,tapv
喚,8065.0,口弓月大,rnbk
灘,8065.0,水廿人土,etog
淘,8064.0,水心人山,epou
缸,8064.0,人山一,oum
泛,8063.0,水竹戈人,ehio
芭,8063.0,廿日山,tau
叮,8062.0,口一弓,rmn
吊,8062.0,口中月,rlb
卵,8062.0,竹竹尸中戈,hhsli
扎,8061.0,手山,qu
欠,8061.0,弓人,no
摘,8060.0,手卜金月,qycb
酬,8060.0,一田戈中中,mwill
譽,8060.0,竹金卜一口,hcymr
晴,8059.0,日手一月,aqmb
傘,8059.0,人人人十,oooj
兔,8058.0,弓日竹戈,nahi
罕,8058.0,月金一十,bcmj
姆,8058.0,女田卜戈,vwyi
磚,8057.0,一口十戈戈,mrjii
蝴,8057.0,中戈十口月,lijrb
慾,8056.0,金人心,cop
毅,8056.0,卜人竹弓水,yohne
柴,8055.0,卜心木,ypd
陵,8055.0,弓中土金水,nlgce
臥,8055.0,尸中人,slo
侍,8054.0,人土木戈,ogdi
旺,8054.0,日一土,amg
斗,8053.0,卜十,yj
糕,8053.0,火木廿土火,fdtgf
卑,8052.0,竹田竹十,hwhj
肺,8052.0,月十月,bjb
穀,8052.0,土木竹弓水,gdhne
菊,8051.0,廿心火木,tpfd
窩,8051.0,十金月月口,jcbbr
掩,8050.0,手大中山,qklu
菲,8050.0,廿中一卜,tlmy
菸,8050.0,廿卜尸卜,tysy
洪,8049.0,水廿金,etc
俯,8049.0,人戈人戈,oioi
釣,8048.0,金心戈,cpi
鵝,8048.0,竹戈竹日火,hihaf
准,8047.0,戈一人土,imog
敘,8047.0,人木人大,odok
恆,8047.0,心一月一,pmbm
妮,8046.0,女尸心,vsp
汪,8046.0,水一土,emg
斤,8045.0,竹一中,hml
霸,8045.0,一月廿十月,mbtjb
贏,8044.0,卜弓月山金,ynbuc
勸,8044.0,廿土大尸,tgks
妨,8043.0,女卜竹尸,vyhs
霍,8043.0,一月人土,mbog
辨,8043.0,卜十戈中十,yjilj
駐,8042.0,尸火卜土,sfyg
潑,8042.0,水弓人水,enoe
蒸,8041.0,廿弓水火,tnef
頗,8041.0,木水一月金,dembc
罩,8040.0,田中卜日十,wlyaj
筒,8040.0,竹月一口,hbmr
渾,8040.0,水月十十,ebjj
敦,8039.0,卜木人大,ydok
堪,8039.0,土廿一女,gtmv
豈,8038.0,山一口廿,umrt
翅,8038.0,十水尸一一,jesmm
灌,8037.0,水廿口土,etrg
坑,8037.0,土卜竹弓,gyhn
噪,8036.0,口口口木,rrrd
緻,8036.0,女火一土大,vfmgk
黏,8036.0,竹水卜口,heyr
箭,8035.0,竹廿月弓,htbn
蜂,8035.0,中戈竹水十,lihej
逝,8034.0,卜手竹中,yqhl
芳,8033.0,廿卜竹尸,tyhs
柳,8033.0,木竹竹中,dhhl
蒂,8032.0,廿卜月月,tybb
芽,8032.0,廿一女竹,tmvh
餓,8032.0,人戈竹手戈,oihqi
玫,8031.0,一土人大,mgok
肢,8031.0,月十水,bje
錶,8030.0,金手一女,cqmv
纏,8030.0,女火戈田土,vfiwg
曆,8029.0,一竹木日,mhda
躺,8029.0,竹竹火月口,hhfbr
誘,8028.0,卜口竹木尸,yrhds
蓄,8028.0,廿卜女田,tyvw
撫,8028.0,手人廿火,qotf
矮,8027.0,人大竹木女,okhdv
漆,8027.0,水木人水,edoe
搜,8026.0,手竹難水,qhxe
喻,8026.0,口人一弓,romn
郊,8025.0,卜大弓中,yknl
浴,8025.0,水金人口,ecor
孕,8024.0,弓尸弓木,nsnd
盪,8024.0,水竹月廿,ehbt
慌,8023.0,心廿卜山,ptyu
拓,8023.0,手一口,qmr
鷹,8022.0,戈人土火,iogf
攤,8022.0,手廿人土,qtog
蹟,8021.0,,
樸,8021.0,木廿金人,dtco
餅,8020.0,人戈廿廿,oitt
鋒,8020.0,金竹水十,chej
袍,8019.0,中心口山,lpru
淑,8019.0,水卜火水,eyfe
巷,8018.0,廿金口山,tcru
馨,8018.0,土水竹木日,gehda
遞,8017.0,卜竹卜弓,yhyn
鄧,8017.0,弓廿弓中,ntnl
鍋,8017.0,金月月口,cbbr
斑,8016.0,一土卜大土,mgykg
漏,8016.0,水尸一月,esmb
舌,8015.0,竹十口,hjr
佩,8015.0,人竹弓月,ohnb
撐,8014.0,手火月竹,qfbh
艇,8014.0,竹卜弓大土,hynkg
翁,8013.0,金戈尸一,cism
拼,8013.0,手廿廿,qtt
牢,8012.0,十竹手,jhq
吞,8012.0,一大口,mkr
鑑,8011.0,金尸戈廿,csit
蟹,8011.0,弓手中一戈,nqlmi
獄,8010.0,大竹卜口大,khyrk
渴,8010.0,水日心女,eapv
挺,8009.0,手弓大土,qnkg
皆,8009.0,心心竹日,ppha
姻,8009.0,女田大,vwk
勉,8008.0,弓山大尸,nuks
猴,8008.0,大竹人弓大,khonk
莖,8007.0,廿一女一,tmvm
邦,8007.0,手十弓中,qjnl
繩,8006.0,女火口難山,vfrxu
瘋,8005.0,大竹弓戈,khni
煞,8005.0,弓大火,nkf
余,8004.0,人一木,omd
茫,8004.0,廿水卜女,teyv
毀,8003.0,竹土竹弓水,hghne
綜,8003.0,女火十一火,vfjmf
艱,8002.0,廿人日女,toav
殼,8002.0,土弓竹弓水,gnhne
憤,8001.0,心十廿金,pjtc
撲,8001.0,手廿金人,qtco
悶,8000.0,日弓心,anp
寞,7999.0,十廿日大,jtak
馳,7999.0,尸火心木,sfpd
釘,7998.0,金一弓,cmn
逢,7998.0,卜竹水十,yhej
貢,7997.0,一月山金,mbuc
氏,7997.0,竹女心,hvp
蜜,7996.0,十心竹戈,jphi
頒,7996.0,金竹一月金,chmbc
絡,7995.0,女火竹水口,vfher
鹿,7995.0,戈難心,ixp
涉,7994.0,水卜中竹,eylh
袖,7994.0,中中田,llw
晒,7993.0,日一金田,amcw
吟,7993.0,口人戈弓,roin
汁,7992.0,水十,ej
寺,7992.0,土木戈,gdi
冊,7991.0,月廿,bt
顆,7991.0,田木一月金,wdmbc
嶺,7990.0,山人戈金,uoic
劑,7990.0,卜難中弓,yxln
逼,7989.0,卜一口田,ymrw
慕,7989.0,廿日大心,takp
湧,7988.0,水弓月尸,enbs
寓,7988.0,十田中月,jwlb
鑽,7987.0,金竹山金,chuc
廷,7987.0,弓大竹土,nkhg
寵,7986.0,十卜月心,jybp
綿,7986.0,女火竹日月,vfhab
桿,7985.0,木日一十,damj
截,7985.0,十戈人土,jiog
襲,7984.0,卜心卜竹女,ypyhv
赫,7983.0,土金土中金,gcglc
辯,7983.0,卜十卜口十,yjyrj
榜,7982.0,木卜月尸,dybs
脂,7981.0,月心日,bpa
櫻,7981.0,木月金女,dbcv
憑,7980.0,戈火心,ifp
膜,7980.0,月廿日大,btak
販,7979.0,月金竹水,bche
淋,7979.0,水木木,edd
凍,7978.0,戈一木田,imdw
卷,7978.0,火手尸山,fqsu
刑,7977.0,一廿中弓,mtln
憲,7977.0,十手一心,jqmp
鳴,7976.0,口竹日火,rhaf
憐,7976.0,心火木手,pfdq
傲,7975.0,人土尸大,ogsk
鈴,7975.0,金人戈戈,coii
耗,7974.0,手木竹手山,qdhqu
紋,7973.0,女火卜大,vfyk
慘,7972.0,心戈戈竹,piih
孝,7972.0,十大弓木,jknd
疲,7971.0,大木竹水,kdhe
陌,7971.0,弓中一日,nlma
炮,7970.0,火心口山,fpru
枯,7970.0,木十口,djr
鴨,7969.0,田中竹日火,wlhaf
寸,7969.0,木戈,di
閣,7968.0,日弓竹水口,anher
趙,7968.0,土人火月,gofb
盈,7967.0,弓尸月廿,nsbt
胃,7967.0,田月,wb
凝,7966.0,戈一心大人,impko
孟,7965.0,弓木月廿,ndbt
愉,7965.0,心人一弓,pomn
溜,7964.0,水竹竹田,ehhw
臂,7964.0,尸十月,sjb
惑,7963.0,戈一心,imp
盆,7962.0,金尸竹廿,csht
崇,7962.0,山十一火,ujmf
蛙,7960.0,中戈土土,ligg
邁,7960.0,卜廿田月,ytwb
陪,7959.0,弓中卜廿口,nlytr
廊,7959.0,戈戈戈中,iiil
罰,7958.0,田中卜口弓,wlyrn
佈,7958.0,,
夥,7957.0,田木弓戈弓,wdnin
厭,7956.0,一日月大,mabk
詢,7956.0,卜口心日,yrpa
粒,7955.0,火木卜廿,fdyt
琳,7955.0,一土木木,mgdd
昂,7954.0,日竹女中,ahvl
沖,7954.0,水中,el
艾,7953.0,廿大,tk
扶,7953.0,手手人,qqo
灑,7952.0,水一一心,emmp
礦,7952.0,一口戈廿金,mritc
贊,7951.0,竹山月山金,hubuc
錦,7950.0,金竹日月,chab
翠,7949.0,尸一卜人十,smyoj
禍,7949.0,戈火月月口,ifbbr
肅,7948.0,中難,lx
址,7948.0,土卜中一,gylm
扣,7947.0,手口,qr
劫,7947.0,土戈大尸,giks
乃,7946.0,弓竹尸,nhs
催,7946.0,人山人土,ouog
盜,7945.0,水人月廿,eobt
朱,7944.0,竹十木,hjd
掘,7944.0,手尸山山,qsuu
萄,7943.0,廿心人山,tpou
罵,7943.0,田中尸手火,wlsqf
漠,7942.0,水廿日大,etak
併,7942.0,人廿廿,ott
獅,7941.0,大竹竹口月,khhrb
廉,7941.0,戈廿難金,itxc
稍,7940.0,竹木火月,hdfb
牧,7939.0,竹手人大,hqok
添,7939.0,水竹大心,ehkp
簽,7938.0,竹人一人,homo
慰,7937.0,尸戈心,sip
膀,7937.0,月卜月尸,bybs
塗,7936.0,水木土,edg
棵,7935.0,木田木,dwd
涯,7935.0,水一土土,emgg
勃,7934.0,十木大尸,jdks
炸,7934.0,火人尸,fos
氛,7933.0,人弓金尸竹,oncsh
羽,7933.0,尸一尸戈一,smsim
撿,7932.0,手人一人,qomo
賢,7931.0,尸水月山金,sebuc
懼,7930.0,心月山土,pbug
秘,7930.0,,
廟,7929.0,戈十十月,ijjb
擬,7929.0,手心大人,qpko
盟,7928.0,日月月廿,abbt
吵,7927.0,口火竹,rfh
耕,7927.0,手木廿廿,qdtt
縫,7926.0,女火卜竹十,vfyhj
筋,7926.0,竹月大尸,hbks
疏,7925.0,弓一卜戈山,nmyiu
剩,7925.0,竹心中弓,hpln
柱,7924.0,木卜土,dyg
臘,7923.0,月女女女,bvvv
籃,7923.0,竹尸戈廿,hsit
謀,7922.0,卜口廿一木,yrtmd
賺,7922.0,月金廿難金,bctxc
韻,7921.0,卜日口月金,yarbc
墓,7921.0,廿日大土,takg
敲,7920.0,卜月卜水,ybye
碑,7919.0,一口竹田十,mrhwj
賀,7919.0,大口月山金,krbuc
疊,7918.0,田田田一,wwwm
柏,7918.0,木竹日,dha
薩,7917.0,廿弓中一,tnlm
蹈,7916.0,口一月竹難,rmbhx
虧,7916.0,卜土一一尸,ygmms
瞭,7915.0,月山大金火,bukcf
頸,7915.0,一一一月金,mmmbc
燕,7914.0,廿中心火,tlpf
裕,7913.0,中金人口,lcor
撒,7913.0,手廿月大,qtbk
貫,7912.0,田十月山金,wjbuc
督,7912.0,卜水月山,yebu
猜,7911.0,大竹手一月,khqmb
燃,7910.0,火月大火,fbkf
兼,7910.0,廿難金,txc
雀,7909.0,火人土,fog
鋪,7909.0,金戈十月,cijb
埋,7908.0,土田土,gwg
災,7907.0,女女火,vvf
軌,7907.0,十十大弓,jjkn
厲,7906.0,一廿田月,mtwb
葡,7906.0,廿心戈月,tpib
迪,7905.0,卜中田,ylw
侵,7904.0,人尸一水,osme
迅,7904.0,卜弓十,ynj
嘗,7903.0,火月口心日,fbrpa
夾,7903.0,大人人,koo
帽,7902.0,中月日月山,lbabu
蟻,7901.0,中戈廿土戈,litgi
猛,7901.0,大竹弓木廿,khndt
鳳,7900.0,竹弓一日火,hnmaf
罷,7900.0,田中戈月心,wlibp
碧,7899.0,一日一口,mamr
腹,7898.0,月人日水,boae
捨,7898.0,手人一口,qomr
脹,7897.0,月尸一女,bsmv
氧,7897.0,人弓廿手,ontq
援,7896.0,手月一水,qbme
疼,7895.0,大竹水卜,khey
廂,7895.0,戈木月山,idbu
獸,7894.0,口口戈大,rrik
蹤,7894.0,口一竹人人,rmhoo
薪,7893.0,廿卜木中,tydl
后,7892.0,竹一口,hmr
廚,7892.0,戈土廿戈,igti
割,7891.0,十口中弓,jrln
扮,7890.0,手金尸竹,qcsh
拾,7890.0,手人一口,qomr
邀,7889.0,卜竹尸大,yhsk
黎,7889.0,竹竹人水,hhoe
愁,7888.0,竹火心,hfp
秦,7887.0,手大竹木,qkhd
悉,7887.0,竹木心,hdp
妞,7886.0,女弓土,vng
癌,7885.0,大口口山,krru
籌,7885.0,竹土弓戈,hgni
舍,7884.0,人一十口,omjr
柯,7884.0,木一弓口,dmnr
奈,7883.0,大一一火,kmmf
稻,7882.0,竹木月竹難,hdbhx
丟,7882.0,一土戈,mgi
腸,7881.0,月日一竹,bamh
腰,7880.0,月一田女,bmwv
堡,7880.0,人木土,odg
呆,7879.0,口木,rd
宏,7879.0,十大戈,jki
伏,7878.0,人戈大,oik
嚇,7877.0,口土金金,rgcc
鴻,7877.0,水一竹火,emhf
暢,7876.0,中中日一竹,llamh
棉,7875.0,木竹日月,dhab
溼,7875.0,水一女土,emvg
銅,7874.0,金月一口,cbmr
鍵,7873.0,金弓大手,cnkq
挖,7873.0,手十金弓,qjcn
徹,7872.0,竹人卜月大,hoybk
躲,7871.0,竹竹竹弓木,hhhnd
囊,7870.0,十月口口女,jbrrv
吾,7870.0,一一口,mmr
爛,7869.0,火日弓田,fanw
騰,7868.0,月火手火,bfqf
叢,7868.0,廿金廿水,tcte
褲,7867.0,中戈十十,lijj
恢,7866.0,心大火,pkf
飽,7866.0,人戈心口山,oipru
屈,7865.0,尸山山,suu
籠,7864.0,竹卜月心,hybp
獵,7864.0,大竹女女女,khvvv
輛,7863.0,十十一中月,jjmlb
泳,7862.0,水戈弓水,eine
澤,7861.0,水田中十,ewlj
瘦,7860.0,大竹難水,khxe
詳,7860.0,卜口廿手,yrtq
碎,7859.0,一口卜人十,mryoj
桂,7858.0,木土土,dgg
帳,7858.0,中月尸一女,lbsmv
俄,7857.0,人竹手戈,ohqi
拖,7856.0,手人心木,qopd
串,7856.0,中中,ll
譯,7855.0,卜口田中十,yrwlj
贈,7854.0,月金金田日,bccwa
槍,7854.0,木人戈口,doir
跨,7853.0,口一大一尸,rmkms
捷,7852.0,手十中人,qjlo
宴,7852.0,十日女,jav
昌,7851.0,日日,aa
碰,7850.0,一口廿廿金,mrttc
輩,7850.0,中卜十田十,lyjwj
菌,7849.0,廿田竹木,twhd
循,7848.0,竹人竹十山,hohju
捕,7848.0,手戈十月,qijb
耀,7847.0,火山尸一土,fusmg
姊,7846.0,女中難竹,vlxh
捐,7846.0,手口月,qrb
奉,7845.0,手大手,qkq
攀,7844.0,木木大手,ddkq
川,7844.0,中中中,lll
遙,7843.0,卜月人山,ybou
紐,7842.0,女火弓土,vfng
殿,7842.0,尸金竹弓水,schne
采,7841.0,月木,bd
戒,7840.0,戈廿,it
盒,7839.0,人口月廿,orbt
騎,7838.0,尸火大一口,sfkmr
壇,7837.0,土卜田一,gywm
藉,7837.0,廿手木日,tqda
腔,7836.0,月十金一,bjcm
姨,7835.0,女大弓,vkn
衰,7835.0,卜田一女,ywmv
闊,7834.0,日弓水竹口,anehr
膠,7833.0,月尸一竹,bsmh
猶,7833.0,大竹廿金田,khtcw
甜,7832.0,竹口廿一,hrtm
胖,7831.0,月火手,bfq
俱,7831.0,人月一金,obmc
杯,7830.0,木一火,dmf
召,7829.0,尸竹口,shr
擦,7828.0,手十月火,qjbf
霧,7828.0,一月弓竹尸,mbnhs
鼠,7827.0,竹難女卜女,hxvyv
淺,7826.0,水戈戈,eii
側,7825.0,人月金弓,obcn
欲,7824.0,金口弓人,crno
匆,7824.0,心大大,pkk
眉,7823.0,日竹月山,ahbu
醉,7822.0,一田卜人十,mwyoj
湯,7821.0,水日一竹,eamh
紫,7821.0,卜心女戈火,ypvif
梯,7820.0,木金弓竹,dcnh
抬,7819.0,手戈口,qir
姓,7819.0,女竹手一,vhqm
井,7817.0,廿廿,tt
勁,7816.0,一一大尸,mmks
勤,7816.0,廿一大尸,tmks
肚,7815.0,月土,bg
鎖,7814.0,金火月金,cfbc
尿,7814.0,尸水,se
碼,7813.0,一口尸手火,mrsqf
痕,7812.0,大日女,kav
埃,7811.0,土戈人大,giok
肩,7811.0,竹尸月,hsb
麵,7810.0,十水一田中,jemwl
雕,7809.0,月口人土,brog
掃,7808.0,手尸一月,qsmb
礎,7808.0,一口木木人,mrddo
遷,7807.0,卜一田山,ymwu
碗,7806.0,一口十弓山,mrjnu
殖,7806.0,一弓十月一,mnjbm
勒,7805.0,廿十大尸,tjks
祭,7803.0,月人一一火,bommf
咖,7803.0,口大尸口,rksr
宿,7802.0,十人一日,joma
貞,7801.0,卜月山金,ybuc
垂,7800.0,竹十廿一,hjtm
姿,7800.0,戈人女,iov
拒,7799.0,手尸尸,qss
臣,7798.0,尸中尸中,slsl
擾,7797.0,手一月水,qmbe
躍,7797.0,口一尸一土,rmsmg
啡,7795.0,口中一卜,rlmy
諸,7795.0,卜口十大日,yrjka
曼,7794.0,日田中水,awle
恨,7793.0,心日女,pav
暫,7792.0,十中日,jla
唐,7791.0,戈中口,ilr
赤,7790.0,土中弓金,glnc
讚,7789.0,卜口竹山金,yrhuc
予,7789.0,弓戈弓弓,ninn
魂,7788.0,一戈竹山戈,mihui
聊,7787.0,尸十竹竹中,sjhhl
夕,7786.0,弓戈,ni
君,7786.0,尸大口,skr
爐,7785.0,火卜心廿,fypt
蝶,7784.0,中戈心廿木,liptd
娃,7783.0,女土土,vgg
棋,7783.0,木廿一金,dtmc
嬰,7782.0,月金女,bcv
捉,7781.0,手口卜人,qryo
磨,7780.0,戈金一口,icmr
怒,7780.0,女水心,vep
腿,7779.0,月卜日女,byav
稀,7777.0,竹木大大月,hdkkb
萊,7777.0,廿木人人,tdoo
剪,7776.0,廿月弓竹,tbnh
刷,7775.0,尸月中弓,sbln
辭,7774.0,月月卜廿十,bbytj
擠,7773.0,手卜難,qyx
喪,7773.0,土口口女,grrv
幽,7772.0,山女戈戈,uvii
豔,7771.0,山廿土戈廿,utgit
蒼,7770.0,廿人戈口,toir
搬,7770.0,手竹卜水,qhye
傑,7769.0,人弓手木,onqd
斜,7768.0,人木卜十,odyj
悠,7767.0,人大心,okp
悟,7767.0,心一一口,pmmr
徒,7766.0,竹人土卜人,hogyo
胎,7765.0,月戈口,bir
耶,7764.0,尸十弓中,sjnl
奪,7763.0,大人土戈,kogi
戴,7763.0,十戈田廿金,jiwtc
焦,7762.0,人土火,ogf
牽,7761.0,卜女月手,yvbq
覽,7760.0,尸田月山山,swbuu
悄,7760.0,心火月,pfb
巡,7759.0,卜女女女,yvvv
峽,7758.0,山大人人,ukoo
墨,7756.0,田土火土,wgfg
魔,7756.0,戈金竹山戈,ichui
閱,7755.0,日弓金口山,ancru
梁,7754.0,水金木,ecd
某,7753.0,廿一木,tmd
膽,7752.0,月弓金口,bncr
悅,7751.0,心金口山,pcru
徐,7750.0,竹人人一木,hoomd
垃,7749.0,土卜廿,gyt
圾,7749.0,土弓竹水,gnhe
吐,7748.0,口土,rg
彿,7747.0,竹人中中弓,holln
飄,7746.0,一火竹弓戈,mfhni
曉,7745.0,日土土山,aggu
旋,7744.0,卜尸人弓人,ysono
津,7743.0,水中手,elq
杜,7742.0,木土,dg
闆,7741.0,日弓口口口,anrrr
糊,7741.0,火木十口月,fdjrb
貧,7740.0,金尸竹金,cshc
朵,7739.0,竹弓木,hnd
籍,7738.0,竹手木日,hqda
輯,7737.0,十十口尸十,jjrsj
羊,7736.0,廿手,tq
甲,7736.0,田中,wl
陷,7735.0,弓中弓竹難,nlnhx
粗,7734.0,火木月一,fdbm
寄,7733.0,十大一口,jkmr
哲,7732.0,手中口,qlr
眠,7732.0,月山口女心,burvp
泡,7731.0,水心口山,epru
坦,7730.0,土日一,gam
驅,7729.0,尸火尸口口,sfsrr
嘆,7728.0,口廿中人,rtlo
序,7727.0,戈弓戈弓,inin
郎,7727.0,戈戈弓中,iinl
池,7726.0,水心木,epd
麥,7725.0,十人竹水,johe
轎,7724.0,十十竹大月,jjhkb
彷,7723.0,竹人卜竹尸,hoyhs
渡,7723.0,水戈廿水,eite
檔,7722.0,木火月田,dfbw
遲,7721.0,卜尸水手,yseq
董,7720.0,廿竹十土,thjg
祝,7719.0,戈火口竹山,ifrhu
薄,7717.0,廿水戈戈,teii
丁,7717.0,一弓,mn
篇,7716.0,竹竹尸月,hhsb
振,7715.0,手一一女,qmmv
敏,7714.0,人卜人大,oyok
稿,7713.0,竹木卜口月,hdyrb
稚,7712.0,竹木人土,hdog
滴,7712.0,水卜金月,eycb
插,7711.0,手竹十難,qhjx
踏,7710.0,口一水日,rmea
寂,7709.0,十卜火水,jyfe
苗,7708.0,廿田,tw
繞,7706.0,女火土土山,vfggu
潤,7706.0,水日弓土,eang
番,7705.0,竹木田,hdw
描,7704.0,手廿田,qtw
干,7703.0,一十,mj
頻,7702.0,卜竹一月金,yhmbc
噴,7701.0,口十廿金,rjtc
敵,7700.0,卜月人大,ybok
緒,7700.0,女火十大日,vfjka
返,7699.0,卜竹水,yhe
忠,7698.0,中心,lp
岩,7697.0,山一口,umr
抓,7696.0,手竹中人,qhlo
郵,7695.0,竹一弓中,hmnl
肝,7694.0,月一十,bmj
縱,7693.0,女火竹人人,vfhoo
搶,7692.0,手人戈口,qoir
混,7691.0,水日心心,eapp
濃,7690.0,水廿田女,etwv
蒙,7689.0,廿月一人,tbmo
澳,7687.0,水竹月大,ehbk
腐,7686.0,戈人戈月,ioib
豬,7685.0,一人十大日,mojka
梅,7684.0,木人田卜,dowy
戀,7683.0,女火心,vfp
荒,7681.0,廿卜女山,tyvu
吳,7680.0,口女弓大,rvnk
賓,7679.0,十一竹金,jmhc
耐,7678.0,一月木戈,mbdi
懸,7677.0,月火心,bfp
攻,7676.0,一人大,mok
冒,7676.0,日月山,abu
托,7675.0,手竹心,qhp
酸,7674.0,一田戈金水,mwice
凱,7673.0,山廿竹弓,uthn
毫,7672.0,卜口月山,yrbu
汗,7671.0,水一十,emj
臟,7670.0,月廿戈尸,btis
潛,7669.0,水一山日,emua
徑,7668.0,竹人一女一,homvm
迫,7667.0,卜竹日,yha
鄰,7666.0,火手弓中,fqnl
撞,7666.0,手卜廿土,qytg
漂,7665.0,水一田火,emwf
哀,7664.0,卜口竹女,yrhv
窮,7663.0,十金竹竹弓,jchhn
奏,7662.0,手大竹大,qkhk
聰,7661.0,尸十竹田心,sjhwp
枝,7659.0,木十水,dje
彎,7658.0,女火弓,vfn
仁,7657.0,人一一,omm
琴,7656.0,一土人戈弓,mgoin
奔,7655.0,大十廿,kjt
儀,7654.0,人廿土戈,otgi
瑞,7653.0,一土山一月,mgumb
搭,7652.0,手廿人口,qtor
裁,7652.0,十戈卜竹女,jiyhv
胸,7651.0,月心山大,bpuk
署,7649.0,田中十大日,wljka
虎,7648.0,卜心竹弓,yphn
瓦,7647.0,一女弓戈,mvni
賴,7646.0,木中弓月金,dlnbc
豪,7645.0,卜口月人,yrbo
爆,7644.0,火日廿水,fate
拔,7643.0,手戈大水,qike
乳,7642.0,月木山,bdu
齒,7641.0,卜一山人人,ymuoo
恩,7640.0,田大心,wkp
吹,7639.0,口弓人,rno
幻,7638.0,女戈尸,vis
暖,7637.0,日月一水,abme
阻,7636.0,弓中月一,nlbm
衡,7635.0,竹人弓大弓,honkn
膚,7634.0,卜心田月,ypwb
滾,7633.0,水卜金女,eycv
貪,7632.0,人戈弓金,oinc
莊,7631.0,廿女一土,tvmg
圈,7630.0,田火手山,wfqu
谷,7629.0,金人口,cor
肌,7628.0,月竹弓,bhn
診,7627.0,卜口人竹竹,yrohh
弄,7626.0,一土廿,mgt
兄,7625.0,口竹山,rhu
鄭,7624.0,廿大弓中,tknl
罪,7623.0,田中中一卜,wllmy
揭,7622.0,手日心女,qapv
殊,7621.0,一弓竹十木,mnhjd
齡,7620.0,卜山人戈戈,yuoii
貓,7619.0,月竹廿田,bhtw
傾,7618.0,人心一金,opmc
粉,7617.0,火木金尸竹,fdcsh
洛,7616.0,水竹水口,eher
慈,7615.0,廿女戈心,tvip
紹,7614.0,女火尸竹口,vfshr
迴,7613.0,卜田口,ywr
喊,7612.0,口戈竹口,rihr
末,7611.0,木十,dj
繪,7610.0,女火人一日,vfoma
貌,7609.0,月竹竹日山,bhhau
塵,7608.0,戈心土,ipg
閉,7607.0,日弓木竹,andh
瓶,7606.0,廿廿一女弓,ttmvn
浮,7605.0,水月弓木,ebnd
泉,7604.0,竹日水,hae
彼,7603.0,竹人木竹水,hodhe
損,7601.0,手口月金,qrbc
烏,7600.0,竹口卜火,hryf
旗,7599.0,卜尸人廿金,ysotc
摸,7598.0,手廿日大,qtak
裂,7597.0,一弓卜竹女,mnyhv
尖,7596.0,火大,fk
滅,7595.0,水戈竹火,eihf
堆,7594.0,土人土,gog
既,7593.0,日戈一女山,aimvu
滑,7592.0,水月月月,ebbb
狂,7591.0,大竹一土,khmg
椅,7589.0,木大一口,dkmr
惱,7588.0,心女女田,pvvw
陶,7587.0,弓中心人山,nlpou
偉,7586.0,人木一手,odmq
扭,7584.0,手弓土,qng
汙,7583.0,水一木,emd
魯,7582.0,弓田火日,nwfa
啦,7581.0,口手卜廿,rqyt
晶,7580.0,日日日,aaa
累,7579.0,田女戈火,wvif
昨,7578.0,日人尸,aos
姑,7577.0,女十口,vjr
仰,7576.0,人竹女中,ohvl
刀,7575.0,尸竹,sh
諾,7574.0,卜口廿大口,yrtkr
遭,7573.0,卜廿田日,ytwa
獻,7572.0,卜月戈大,ybik
覆,7571.0,一田竹人水,mwhoe
零,7568.0,一月人戈戈,mboii
擺,7567.0,手田中心,qwlp
聚,7566.0,尸水竹竹人,sehho
莫,7565.0,廿日大,tak
鬥,7564.0,中弓,ln
泰,7563.0,手大水,qke
松,7562.0,木金戈,dci
昏,7561.0,竹心日,hpa
怨,7559.0,弓山心,nup
丈,7558.0,十大,jk
虛,7557.0,卜心廿一,yptm
涼,7556.0,水卜口火,eyrf
您,7555.0,人火心,ofp
儘,7553.0,人中一廿,olmt
輝,7550.0,火山月十十,fubjj
逃,7549.0,卜中一人,ylmo
甘,7548.0,廿一,tm
糖,7547.0,火木戈中口,fdilr
沿,7546.0,水金口,ecr
廢,7545.0,戈弓人水,inoe
鋼,7544.0,金月廿山,cbtu
鞋,7543.0,廿十土土,tjgg
輔,7541.0,十十戈十月,jjijb
宙,7540.0,十中田,jlw
孤,7539.0,弓木竹女人,ndhvo
鼻,7538.0,竹山田一中,huwml
溝,7537.0,水廿廿月,ettb
肥,7535.0,月日山,bau
仙,7534.0,人山,ou
潔,7533.0,水手竹火,eqhf
暑,7532.0,日十大日,ajka
朗,7530.0,戈戈月,iib
繁,7529.0,人大女戈火,okvif
飾,7528.0,人戈人中月,oiolb
凡,7527.0,竹弓戈,hni
舒,7526.0,人口弓戈弓,ornin
橫,7525.0,木廿一金,dtmc
孫,7524.0,弓木竹女火,ndhvf
犯,7523.0,大竹尸山,khsu
愈,7521.0,人一月心,ombp
乏,7520.0,竹戈弓人,hino
誕,7519.0,卜口弓大一,yrnkm
複,7518.0,中人日水,loae
叔,7517.0,卜火水,yfe
寧,7516.0,十心月弓,jpbn
茂,7514.0,廿戈竹,tih
祥,7513.0,戈火廿手,iftq
席,7512.0,戈廿中月,itlb
硬,7511.0,一口一中大,mrmlk
旦,7510.0,日一,am
貿,7509.0,竹竹月山金,hhbuc
玻,7507.0,一土木竹水,mgdhe
批,7506.0,手心心,qpp
吉,7505.0,土口,gr
雷,7504.0,一月田,mbw
載,7503.0,十戈十田十,jijwj
週,7502.0,卜月土口,ybgr
柔,7500.0,弓竹木,nhd
勇,7499.0,弓月大尸,nbks
塔,7498.0,土廿人口,gtor
幹,7497.0,十十人一十,jjomj
袋,7496.0,人心卜竹女,opyhv
判,7494.0,火手中弓,fqln
顏,7493.0,卜竹一月金,yhmbc
塑,7492.0,廿月土,tbg
軟,7491.0,十十弓人,jjno
欣,7490.0,竹中弓人,hlno
輸,7488.0,十十人一弓,jjomn
灰,7487.0,大火,kf
套,7486.0,大尸一戈,ksmi
憂,7485.0,一月心竹水,mbphe
森,7484.0,木木木,ddd
宇,7482.0,十一木,jmd
鬼,7481.0,竹山戈,hui
純,7480.0,女火心山,vfpu
折,7479.0,手竹一中,qhml
蛋,7478.0,弓人中一戈,nolmi
晨,7476.0,日一一女,ammv
溪,7474.0,水月女大,ebvk
楊,7473.0,木日一竹,damh
誤,7471.0,卜口口一大,yrrmk
誠,7470.0,卜口戈竹尸,yrihs
蓋,7469.0,廿土戈廿,tgit
棄,7468.0,卜戈廿木,yitd
映,7467.0,日中月大,albk
伊,7464.0,人尸大,osk
駛,7463.0,尸火中大,sflk
雅,7462.0,一竹人土,mhog
替,7460.0,手人日,qoa
爬,7459.0,竹人日山,hoau
惜,7458.0,心廿日,pta
壯,7457.0,女一土,vmg
伴,7455.0,人火手,ofq
液,7450.0,水卜人大,eyok
辛,7449.0,卜廿十,ytj
駕,7448.0,大口尸手火,krsqf
祕,7447.0,戈火心竹,ifph
偷,7445.0,人人一弓,oomn
狗,7444.0,大竹心口,khpr
靠,7441.0,竹土口中卜,hgrly
劉,7438.0,竹金中弓,hcln
厚,7436.0,一日弓木,mand
摩,7434.0,戈金手,icq
誌,7433.0,卜口土心,yrgp
貝,7431.0,月山金,buc
塞,7430.0,十廿金土,jtcg
丹,7429.0,月卜,by
蘇,7427.0,廿弓火木,tnfd
震,7426.0,一月一一女,mbmmv
齊,7425.0,卜難,yx
閃,7423.0,日弓人,ano
奮,7422.0,大人土田,kogw
璃,7421.0,一土卜山月,mgyub
慣,7420.0,心田十金,pwjc
脈,7418.0,月竹竹女,bhhv
宗,7417.0,十一一火,jmmf
荷,7416.0,廿人一口,tomr
副,7414.0,一田中弓,mwln
束,7413.0,木中,dl
鬧,7412.0,中弓卜中月,lnylb
蓮,7410.0,廿卜十十,tyjj
慧,7409.0,手十尸一心,qjsmp
峰,7408.0,山竹水十,uhej
乘,7405.0,竹木中心,hdlp
刺,7404.0,木月中弓,dbln
偶,7402.0,人田中月,owlb
疾,7401.0,大人大,kok
冠,7400.0,月一山戈,bmui
版,7398.0,中中竹水,llhe
刊,7397.0,一十中弓,mjln
滋,7396.0,水廿女戈,etvi
媒,7394.0,女廿一木,vtmd
偏,7393.0,人竹尸月,ohsb
懂,7390.0,心廿竹土,pthg
敬,7389.0,廿口人大,trok
仔,7388.0,人弓木,ond
份,7386.0,人金尸竹,ocsh
慮,7385.0,卜心田心,ypwp
胡,7384.0,十口月,jrb
封,7382.0,土土木戈,ggdi
唯,7381.0,口人土,rog
隔,7379.0,弓中一口月,nlmrb
胞,7378.0,月心口山,bpru
拜,7377.0,竹手一手十,hqmqj
炎,7375.0,火火,ff
泥,7374.0,水尸心,esp
挑,7373.0,手中一人,qlmo
妙,7371.0,女火竹,vfh
伸,7368.0,人中田中,olwl
箱,7367.0,竹木月山,hdbu
謂,7364.0,卜口田月,yrwb
壁,7363.0,尸十土,sjg
桌,7361.0,卜日木,yad
爺,7360.0,金大尸十中,cksjl
架,7359.0,大口木,krd
藍,7357.0,廿尸戈廿,tsit
詞,7356.0,卜口尸一口,yrsmr
握,7354.0,手尸一土,qsmg
掛,7350.0,手土土卜,qggy
尺,7349.0,尸人,so
漫,7346.0,水日田水,eawe
啟,7344.0,竹口人大,hrok
祖,7343.0,戈火月一,ifbm
楚,7340.0,木木弓卜人,ddnyo
培,7339.0,土卜廿口,gytr
互,7337.0,一女弓一,mvnm
攝,7336.0,手尸十十,qsjj
跡,7334.0,口一卜中金,rmylc
航,7331.0,竹卜卜竹弓,hyyhn
珍,7327.0,一土人竹竹,mgohh
暴,7326.0,日廿金水,atce
佛,7324.0,人中中弓,olln
尾,7323.0,尸竹手山,shqu
呀,7321.0,口一女竹,rmvh
哭,7320.0,口口戈大,rrik
孔,7318.0,弓木山,ndu
忍,7317.0,尸戈心,sip
米,7315.0,火木,fd
憶,7314.0,心卜廿心,pytp
尊,7312.0,廿田木戈,twdi
燒,7311.0,火土土山,fggu
概,7310.0,木日戈山,daiu
揚,7308.0,手日一竹,qamh
抽,7307.0,手中田,qlw
固,7305.0,田十口,wjr
禁,7304.0,木木一一火,ddmmf
淨,7301.0,水月尸木,ebsd
瓜,7299.0,竹女戈人,hvio
距,7298.0,口一尸尸,rmss
敢,7296.0,一十人大,mjok
哪,7295.0,口尸手中,rsql
俗,7293.0,人金人口,ocor
秀,7292.0,竹木弓竹尸,hdnhs
釋,7290.0,竹木田中十,hdwlj
漢,7289.0,水廿中人,etlo
喝,7287.0,口日心女,rapv
隱,7286.0,弓中月一心,nlbmp
妻,7284.0,十中女,jlv
聖,7282.0,尸口竹土,srhg
殘,7279.0,一弓戈戈,mnii
豆,7276.0,一口廿,mrt
脫,7275.0,月金口山,bcru
亡,7273.0,卜女,yv
遍,7272.0,卜竹尸月,yhsb
索,7270.0,十月女戈火,jbvif
牆,7269.0,女一土人田,vmgow
煩,7267.0,火一月金,fmbc
淚,7266.0,水竹尸大,ehsk
珠,7264.0,一土竹十木,mghjd
巧,7262.0,一一女尸,mmvs
床,7261.0,戈木,id
醒,7258.0,一田日竹一,mwahm
佳,7255.0,人土土,ogg
哈,7253.0,口人一口,romr
途,7251.0,卜人一木,yomd
播,7250.0,手竹木田,qhdw
奧,7248.0,竹月大,hbk
努,7247.0,女水大尸,veks
髮,7242.0,尸竹戈大水,shike
緣,7240.0,女火女弓人,vfvno
榮,7239.0,火火月木,ffbd
頓,7237.0,心山一月金,pumbc
章,7235.0,卜廿日十,ytaj
觸,7234.0,弓月田中戈,nbwli
武,7232.0,一心卜中一,mpylm
績,7231.0,女火手一金,vfqmc
冬,7229.0,竹水卜,hey
鮮,7227.0,弓火廿手,nftq
暗,7226.0,日卜廿日,ayta
閒,7224.0,日弓月,anb
飲,7221.0,人戈弓人,oino
患,7218.0,中中心,llp
兵,7216.0,人一金,omc
絲,7214.0,女火女戈火,vfvif
揮,7213.0,手月十十,qbjj
陣,7211.0,弓中十田十,nljwj
蟲,7209.0,中戈中戈戈,lilii
練,7208.0,女火木田火,vfdwf
彈,7206.0,弓口口十,nrrj
游,7205.0,水卜尸木,eysd
惡,7203.0,一一心,mmp
倫,7201.0,人人一月,oomb
玉,7200.0,一土戈,mgi
介,7198.0,人中中,oll
隆,7196.0,弓中竹水一,nlhem
肯,7195.0,卜一月,ymb
尤,7193.0,戈大山,iku
嘴,7188.0,口卜心月,rypb
淡,7186.0,水火火,eff
博,7185.0,十戈月戈,jibi
堅,7183.0,尸水土,seg
娘,7181.0,女戈日女,viav
誰,7176.0,卜口人土,yrog
奶,7174.0,女弓竹尸,vnhs
棒,7173.0,木手大手,dqkq
紛,7171.0,女火金尸竹,vfcsh
麻,7169.0,戈木木,idd
茶,7168.0,廿人木,tod
壞,7166.0,土卜田女,gywv
骨,7161.0,月月月,bbb
抱,7159.0,手心口山,qpru
婆,7157.0,水水女,eev
翻,7154.0,竹田尸一一,hwsmm
敗,7152.0,月金人大,bcok
訓,7150.0,卜口中中中,yrlll
州,7149.0,戈中戈中,ilil
廳,7145.0,戈尸土心,isgp
盛,7142.0,戈尸月廿,isbt
橋,7140.0,木竹大月,dhkb
默,7138.0,田火戈大,wfik
囤,7136.0,田心山,wpu
擁,7136.0,手卜女土,qyvg
端,7135.0,卜廿山一月,ytumb
遇,7133.0,卜田中月,ywlb
鐘,7131.0,金卜廿土,cytg
豐,7129.0,山十一口廿,ujmrt
幸,7126.0,土廿十,gtj
階,7120.0,弓中心心日,nlppa
順,7118.0,中中中金,lllc
陰,7117.0,弓中人戈戈,nloii
症,7115.0,大一卜一,kmym
律,7113.0,竹人中手,holq
姐,7109.0,女月一,vbm
趕,7108.0,土人日一十,goamj
巨,7106.0,尸尸,ss
洞,7104.0,水月一口,ebmr
旁,7102.0,卜月卜竹尸,ybyhs
宣,7100.0,十一日一,jmam
慶,7098.0,戈難水,ixe
障,7095.0,弓中卜廿十,nlytj
冰,7091.0,戈一水,ime
睛,7089.0,月山手一月,buqmb
宮,7087.0,十口竹口,jrhr
疑,7085.0,心大弓戈人,pknio
頂,7083.0,一弓一月金,mnmbc
鼓,7078.0,土廿十水,gtje
享,7076.0,卜口弓木,yrnd
抗,7074.0,手卜竹弓,qyhn
藏,7066.0,廿戈一尸,tims
露,7063.0,一月口一口,mbrmr
煙,7061.0,火一田土,fmwg
貴,7059.0,中一月山金,lmbuc
雞,7057.0,月大人土,bkog
射,7055.0,竹竹木戈,hhdi
守,7053.0,十木戈,jdi
湖,7051.0,水十口月,ejrb
皇,7049.0,竹日一土,hamg
潮,7047.0,水十十月,ejjb
亂,7045.0,月月山,bbu
賞,7043.0,火月口月金,fbrbc
救,7041.0,戈水人大,ieok
秋,7039.0,竹木火,hdf
雪,7037.0,一月尸一,mbsm
肉,7033.0,人月人,obo
京,7027.0,卜口火,yrf
搖,7025.0,手月人山,qbou
帝,7023.0,卜月中月,yblb
右,7021.0,大口,kr
掌,7019.0,火月口手,fbrq
材,7017.0,木木竹,ddh
圓,7015.0,田口月金,wrbc
掉,7013.0,手卜日十,qyaj
塊,7011.0,土竹山戈,ghui
尼,7007.0,尸心,sp
警,7005.0,廿大卜一口,tkymr
牌,7003.0,中中竹田十,llhwj
左,7001.0,大一,km
耳,6999.0,尸十,sj
迎,6997.0,卜竹女中,yhvl
啊,6993.0,口弓中口,rnlr
洗,6987.0,水竹土山,ehgu
剛,6985.0,月山中弓,buln
餐,6983.0,卜水人戈女,yeoiv
普,6981.0,廿金日,tca
浪,6979.0,水戈日女,eiav
畢,6977.0,田廿十,wtj
朝,6971.0,十十月,jjb
伯,6969.0,人竹日,oha
植,6967.0,木十月一,djbm
訪,6964.0,卜口卜竹尸,yryhs
探,6962.0,手月金木,qbcd
曲,6960.0,廿田,tw
勝,6958.0,月火手尸,bfqs
宋,6956.0,十木,jd
跳,6954.0,口一中一人,rmlmo
療,6950.0,大大金火,kkcf
烈,6943.0,一弓火,mnf
島,6941.0,竹日卜山,hayu
鳥,6935.0,竹日卜火,hayf
拍,6931.0,手竹日,qha
菜,6929.0,廿月木,tbd
尋,6926.0,尸一一口戈,smmri
殺,6924.0,大金竹弓水,kchne
派,6922.0,水竹竹女,ehhv
九,6920.0,大弓,kn
村,6918.0,木木戈,ddi
忘,6916.0,卜女心,yvp
睡,6913.0,月山竹十一,buhjm
鏡,6911.0,金卜廿山,cytu
熟,6909.0,卜戈火,yif
呼,6907.0,口竹火木,rhfd
幕,6905.0,廿日大月,takb
街,6903.0,竹人土土弓,hoggn
窗,6898.0,十金竹田水,jchwe
夢,6894.0,廿田中弓,twln
遺,6892.0,卜中一金,ylmc
勞,6890.0,火火月大尸,ffbks
激,6883.0,水竹尸大,ehsk
江,6881.0,水一,em
志,6878.0,土心,gp
寒,6876.0,十廿金卜,jtcy
婚,6874.0,女竹心日,vhpa
牠,6872.0,竹手心木,hqpd
悲,6867.0,中卜心,lyp
怪,6863.0,心水土,peg
鐵,6861.0,金十戈土,cjig
染,6856.0,水弓木,end
休,6854.0,人木,od
繼,6852.0,女火女女戈,vfvvi
妹,6845.0,女十木,vjd
忽,6843.0,心竹心,php
沉,6840.0,水月竹弓,ebhn
卡,6838.0,卜一卜,ymy
盤,6836.0,竹水月廿,hebt
威,6827.0,戈竹一女,ihmv
織,6824.0,女火卜戈日,vfyia
幼,6822.0,女戈大尸,viks
忙,6820.0,心卜女,pyv
礙,6817.0,一口心大人,mrpko
堂,6815.0,火月口土,fbrg
穿,6813.0,十金一女竹,jcmvh
夏,6806.0,一山竹水,muhe
追,6801.0,卜竹口口,yhrr
乾,6799.0,十十人弓,jjon
句,6796.0,心口,pr
隻,6792.0,人土水,oge
永,6787.0,戈弓水,ine
衛,6784.0,竹人木手弓,hodqn
察,6782.0,十月人火,jbof
田,6777.0,田,w
吧,6772.0,口日山,rau
競,6770.0,卜山卜廿山,yuytu
彩,6760.0,月木竹竹竹,bdhhh
午,6758.0,人十,oj
群,6755.0,尸口廿手,srtq
典,6753.0,廿月金,tbc
歲,6750.0,卜一戈竹竹,ymihh
沙,6748.0,水火竹,efh
板,6743.0,木竹水,dhe
迷,6740.0,卜火木,yfd
擎,6738.0,廿大手,tkq
婦,6735.0,女尸一月,vsmb
牙,6728.0,一女木竹,mvdh
船,6723.0,竹卜金口,hycr
幫,6720.0,土戈竹日月,gihab
店,6715.0,戈卜口,iyr
毛,6708.0,竹手山,hqu
聞,6700.0,日弓尸十,ansj
停,6695.0,人卜口弓,oyrn
顧,6692.0,竹土一月金,hgmbc
毒,6690.0,手一田卜戈,qmwyi
坡,6687.0,土木竹水,gdhe
紙,6682.0,女火竹女心,vfhvp
散,6679.0,廿月人大,tbok
雜,6672.0,卜木人土,ydog
竟,6666.0,卜廿日竹山,ytahu
飯,6661.0,人戈竹水,oihe
智,6659.0,人口日,ora
倒,6656.0,人一土弓,omgn
雲,6648.0,一月一一戈,mbmmi
隊,6645.0,弓中廿心人,nltpo
靈,6640.0,一月口口人,mbrro
岸,6632.0,山一一十,ummj
操,6630.0,手口口木,qrrd
拿,6627.0,人口手,orq
輪,6624.0,十十人一月,jjomb
慢,6622.0,心日田水,pawe
酒,6616.0,水一金田,emcw
錯,6614.0,金廿日,cta
害,6608.0,十手十口,jqjr
簡,6603.0,竹日弓日,hana
冷,6595.0,戈一人戈戈,imoii
講,6590.0,卜口廿廿月,yrttb
臉,6576.0,月人一人,bomo
燈,6568.0,火弓人廿,fnot
康,6559.0,戈中水,ile
初,6557.0,中尸竹,lsh
突,6554.0,十金戈大,jcik
夠,6551.0,弓弓心口,nnpr
怕,6545.0,心竹日,pha
盡,6543.0,中一火月廿,lmfbt
綠,6540.0,女火女弓水,vfvne
跑,6537.0,口一心口山,rmpru
藥,6534.0,廿女戈木,tvid
羅,6531.0,田中女火土,wlvfg
唱,6526.0,口日日,raa
獎,6520.0,女戈戈大,viik
答,6517.0,竹人一口,homr
洋,6512.0,水廿手,etq
懷,6509.0,心卜田女,pywv
阿,6506.0,弓中一弓口,nlmnr
賃,6506.0,人土月山金,ogbuc
招,6500.0,手尸竹口,qshr
牛,6497.0,竹手,hq
良,6489.0,戈日女,iav
野,6483.0,田土弓戈弓,wgnin
驚,6480.0,廿大尸手火,tksqf
急,6474.0,弓一心,nmp
汽,6471.0,水人一弓,eomn
寶,6466.0,十一山金,jmuc
巴,6463.0,日山,au
微,6457.0,竹人山弓大,hounk
站,6451.0,卜廿卜口,ytyr
送,6445.0,卜廿大,ytk
曾,6433.0,金田日,cwa
靜,6430.0,手月月尸木,qbbsd
館,6415.0,人戈十口口,oijrr
甚,6408.0,廿一一女,tmmv
背,6402.0,中心月,lpb
談,6399.0,卜口火火,yrff
試,6396.0,卜口戈心一,yripm
禮,6384.0,戈火廿田廿,iftwt
吸,6381.0,口弓竹水,rnhe
傷,6378.0,人人日竹,ooah
旅,6374.0,卜尸人竹女,ysohv
麗,6371.0,一一月月心,mmbbp
玩,6362.0,一土一一山,mgmmu
皮,6359.0,木竹水,dhe
充,6356.0,卜戈竹山,yihu
謝,6352.0,卜口竹竹戈,yrhhi
嗎,6346.0,口尸手火,rsqf
密,6343.0,十心竹山,jphu
福,6340.0,戈火一口田,ifmrw
歌,6327.0,一口弓人,mrno
破,6314.0,一口木竹水,mrdhe
舞,6308.0,人廿弓戈手,otniq
李,6301.0,木弓木,dnd
職,6282.0,尸十卜戈日,sjyia
魚,6279.0,弓田火,nwf
趣,6275.0,土人尸十水,gosje
劇,6266.0,卜人中弓,yoln
跟,6262.0,口一日女,rmav
葉,6259.0,廿心廿木,tptd
省,6252.0,火竹月山,fhbu
龍,6249.0,卜月卜尸心,ybysp
血,6232.0,竹月廿,hbt
痛,6229.0,大弓戈月,knib
訴,6222.0,卜口竹一卜,yrhmy
習,6209.0,尸一竹日,smha
腳,6192.0,月金口中,bcrl
哥,6189.0,一口弓口,mrnr
願,6185.0,一火一月金,mfmbc
護,6182.0,卜口廿人水,yrtoe
弟,6175.0,金弓中竹,cnlh
令,6164.0,人戈弓戈,oini
味,6161.0,口十木,rjd
亮,6157.0,卜口月弓,yrbn
裝,6147.0,女土卜竹女,vgyhv
洲,6129.0,水戈中中,eill
班,6126.0,一土戈中土,mgilg
里,6122.0,田土,wg
衣,6119.0,卜竹女,yhv
克,6108.0,十口竹山,jrhu
油,6101.0,水中田,elw
絕,6083.0,女火尸竹山,vfshu
室,6075.0,十一戈土,jmig
戲,6071.0,卜廿戈,yti
久,6064.0,弓人,no
草,6060.0,廿日十,taj
爾,6053.0,一火月大,mfbk
刻,6049.0,卜人中弓,yoln
找,6046.0,手戈,qi
木,6034.0,木,d
坐,6031.0,人人土,oog
獨,6019.0,大竹田中戈,khwli
似,6015.0,人女戈人,ovio
官,6012.0,十口中口,jrlr
假,6004.0,人口尸水,orse
希,6000.0,大大中月,kklb
春,5992.0,手大日,qka
座,5989.0,戈人人土,ioog
拉,5985.0,手卜廿,qyt
詩,5977.0,卜口土木戈,yrgdi
歷,5973.0,一竹木一,mhdm
晚,5969.0,日弓日山,anau
黑,5926.0,田土火,wgf
奇,5922.0,大一弓口,kmnr
驗,5914.0,尸火人一人,sfomo
錢,5906.0,金戈戈,cii
領,5902.0,人戈一月金,oimbc
乎,5897.0,竹火木,hfd
終,5885.0,女火竹水卜,vfhey
雨,5873.0,一中月卜,mlby
夜,5865.0,卜人弓大,yonk
切,5857.0,心尸竹,psh
養,5844.0,廿人戈日女,toiav
器,5840.0,口口戈大口,rrikr
斷,5831.0,女戈竹一中,vihml
藝,5818.0,廿土戈戈,tgii
它,5797.0,十心,jp
紀,5793.0,女火尸山,vfsu
史,5784.0,中大,lk
德,5771.0,竹人十田心,hojwp
食,5758.0,人戈日女,oiav
苦,5753.0,廿十口,tjr
叫,5740.0,口女中,rvl
軍,5736.0,月十田十,bjwj
細,5727.0,女火田,vfw
夫,5713.0,手人,qo
角,5695.0,弓月土,nbg
寫,5659.0,十竹難火,jhxf
飛,5641.0,弓人竹廿人,nohto
早,5636.0,日十,aj
黨,5622.0,火月口田火,fbrwf
士,5613.0,十一,jm
亞,5604.0,一中中一,mllm
死,5594.0,一弓心,mnp
黃,5580.0,廿一中金,tmlc
男,5575.0,田大尸,wks
卻,5556.0,金口尸中,crsl
腦,5537.0,月女女田,bvvw
呢,5532.0,口尸心,rsp
王,5527.0,一土,mg
離,5517.0,卜月人土,ybog
故,5512.0,十口人大,jrok
識,5503.0,卜口卜戈日,yryia
河,5493.0,水一弓口,emnr
線,5483.0,女火竹日水,vfhae
火,5473.0,火,f
賽,5458.0,十廿金金,jtcc
讀,5437.0,卜口土田金,yrgwc
思,5422.0,田心,wp
戰,5406.0,口十戈,rji
便,5375.0,人一中大,omlk
樹,5348.0,木土廿戈,dgti
念,5332.0,人戈弓心,oinp
語,5327.0,卜口一一口,yrmmr
遊,5316.0,卜卜尸木,yysd
功,5311.0,一大尸,mks
陽,5306.0,弓中日一竹,nlamh
斯,5300.0,廿金竹一中,tchml
深,5257.0,水月金木,ebcd
古,5251.0,十口,jr
石,5245.0,一口,mr
節,5229.0,竹日戈中,hail
吃,5223.0,口人弓,ron
笑,5212.0,竹竹大,hhk
紅,5201.0,女火一,vfm
精,5178.0,火木手一月,fdqmb
校,5119.0,木卜金大,dyck
往,5060.0,竹人卜土,hoyg
歡,5048.0,廿土弓人,tgno
怎,5024.0,人尸心,osp
喜,4987.0,土口廿口,grtr
治,4949.0,水戈口,eir
醫,4937.0,尸水一金田,semcw
舉,4931.0,竹金手,hcq
父,4918.0,金大,ck
邊,4912.0,卜竹山尸,yhus
幾,4905.0,女戈竹戈,vihi
聽,4886.0,尸土十田心,sgjwp
育,4879.0,卜戈月,yib
演,4853.0,水十一金,ejmc
命,4834.0,人一口中,omrl
術,4827.0,竹人戈金弓,hoicn
滿,4820.0,水廿中月,etlb
音,4807.0,卜廿日,yta
快,4752.0,心木大,pdk
童,4703.0,卜廿田土,ytwg
馬,4696.0,尸手尸火,sqsf
神,4547.0,戈火中田中,iflwl
候,4532.0,人中弓大,olnk
覺,4453.0,竹月月山山,hbbuu
朋,4412.0,月月,bb
眼,4354.0,月山日女,buav
片,4346.0,中中一中,llml
愛,4320.0,月月心水,bbpe
星,4286.0,日竹手一,ahqm
白,4278.0,竹日,ha
病,4269.0,大一人月,kmob
把,4260.0,手日山,qau
話,4234.0,卜口竹十口,yrhjr
像,4155.0,人弓日人,onao
孩,4137.0,弓木卜女人,ndyvo
母,4119.0,田卜戈,wyi
又,4111.0,弓大,nk
真,4084.0,十月一金,jbmc
爸,4056.0,金大日山,ckau
聲,4028.0,土水尸十,gesj
太,3982.0,大戈,ki
師,3934.0,竹口一中月,hrmlb
樂,3885.0,女戈木,vid
友,3875.0,大水,ke
她,3835.0,女心木,vpd
色,3783.0,弓日山,nau
光,3762.0,火一山,fmu
感,3730.0,戈口心,irp
海,3642.0,水人田卜,eowy
女,3595.0,女,v
己,3477.0,尸山,su
什,3452.0,人十,oj
親,3403.0,卜木月山山,ydbuu
媽,3390.0,女尸手火,vsqf
想,3164.0,木山心,dup
教,2853.0,十木人大,jdok
兒,2775.0,竹難竹山,hxhu
你,2491.0,人弓火,onf
裡,2419.0,中田土,lwg
那,1983.0,尸手弓中,sqnl
麼,1939.0,戈金女戈,icvi
