index,字頻統計,字頻百分比
的,335122,1.44
年,308307,1.32
房,230377,0.99
行,218542,0.94
款,212911,0.91
市,193944,0.83
金,186824,0.8
不,182891,0.78
貸,171799,0.74
價,159008,0.68
業,154723,0.66
有,152827,0.66
之,150546,0.65
會,146083,0.63
資,143454,0.61
以,141039,0.6
政,139443,0.6
國,136313,0.58
屋,134281,0.58
產,133896,0.57
為,131275,0.56
地,129335,0.55
動,127561,0.55
本,126358,0.54
住,126214,0.54
用,119486,0.51
新,118789,0.51
一,117702,0.5
中,117558,0.5
月,117273,0.5
上,115119,0.49
期,113881,0.49
人,113836,0.49
及,112808,0.48
高,107110,0.46
建,106515,0.46
第,106510,0.46
成,106358,0.46
率,105950,0.45
與,104434,0.45
大,103140,0.44
數,102466,0.44
宅,99991,0.43
稅,97844,0.42
銀,97780,0.42
定,95552,0.41
區,90630,0.39
分,90335,0.39
在,89549,0.38
是,88835,0.38
於,88190,0.38
台,84626,0.36
對,83618,0.36
信,81910,0.35
季,81534,0.35
公,79940,0.34
融,78122,0.33
部,76578,0.33
合,75954,0.33
法,74590,0.32
經,74403,0.32
額,73470,0.31
增,72076,0.31
可,71837,0.31
關,71668,0.31
來,70747,0.3
理,70471,0.3
計,70467,0.3
機,69998,0.3
全,69681,0.3
表,69668,0.3
其,69538,0.3
者,68938,0.3
管,68932,0.3
放,68623,0.29
出,68578,0.29
要,68123,0.29
利,67793,0.29
制,66743,0.29
因,65982,0.28
日,64430,0.28
元,63421,0.27
購,63342,0.27
下,63144,0.27
加,62810,0.27
所,62550,0.27
得,61310,0.26
發,61216,0.26
自,60494,0.26
內,59322,0.25
實,59275,0.25
長,58302,0.25
施,58132,0.25
度,58102,0.25
案,58061,0.25
能,58041,0.25
多,55852,0.24
方,55422,0.24
主,55343,0.24
民,53920,0.23
相,53894,0.23
戶,53765,0.23
比,53203,0.23
時,52951,0.23
都,52466,0.22
應,52043,0.22
限,51566,0.22
規,51278,0.22
策,51122,0.22
較,51111,0.22
前,51016,0.22
商,50988,0.22
家,50863,0.22
同,50306,0.22
更,50274,0.22
交,50170,0.22
場,50142,0.21
過,49630,0.21
工,49565,0.21
北,49558,0.21
性,48844,0.21
體,48829,0.21
並,48762,0.21
指,48436,0.21
租,48292,0.21
外,48251,0.21
等,47994,0.21
提,47458,0.2
將,47069,0.2
投,47054,0.2
府,46895,0.2
持,46810,0.2
農,46405,0.2
後,46281,0.2
或,45764,0.2
售,45694,0.2
現,45665,0.2
至,45479,0.19
化,45440,0.19
預,45435,0.19
重,45379,0.19
萬,44923,0.19
保,44777,0.19
個,44217,0.19
險,44214,0.19
造,44195,0.19
濟,44030,0.19
調,43967,0.19
總,43914,0.19
財,43375,0.19
易,43055,0.18
報,42728,0.18
升,42547,0.18
低,42234,0.18
進,42210,0.18
位,42130,0.18
製,41476,0.18
量,41270,0.18
間,41077,0.18
最,40394,0.17
格,40383,0.17
如,39674,0.17
續,39041,0.17
買,38860,0.17
未,38837,0.17
和,38836,0.17
力,38602,0.17
約,38551,0.17
作,38448,0.16
而,38279,0.16
務,37948,0.16
縣,37365,0.16
情,37258,0.16
擔,37121,0.16
幣,37115,0.16
措,36972,0.16
減,36848,0.16
需,36794,0.16
條,36712,0.16
負,36677,0.16
面,36180,0.16
由,35690,0.15
均,35624,0.15
目,34850,0.15
圖,34682,0.15
三,34435,0.15
標,34414,0.15
料,34388,0.15
他,34260,0.15
平,34061,0.15
構,33996,0.15
影,33881,0.15
營,33640,0.14
降,33631,0.14
供,33194,0.14
到,33185,0.14
件,33152,0.14
也,32967,0.14
整,32796,0.14
收,32631,0.14
明,32516,0.14
單,32449,0.14
次,32422,0.14
轉,32343,0.14
權,32231,0.14
風,32221,0.14
響,32199,0.14
基,32190,0.14
開,32167,0.14
推,32082,0.14
二,31981,0.14
無,31867,0.14
變,31772,0.14
臺,31737,0.14
入,31657,0.14
品,31553,0.14
題,31384,0.13
這,31204,0.13
已,31020,0.13
辦,30762,0.13
了,30622,0.13
各,30416,0.13
設,30331,0.13
通,30260,0.13
求,30199,0.13
漲,30166,0.13
土,29811,0.13
當,29808,0.13
值,29654,0.13
央,29604,0.13
近,29368,0.13
受,29359,0.13
正,29333,0.13
別,29294,0.13
生,29119,0.12
社,29029,0.12
示,28941,0.12
此,28707,0.12
物,28627,0.12
就,28248,0.12
問,28130,0.12
但,28129,0.12
議,27820,0.12
心,27591,0.12
灣,27117,0.12
南,27029,0.12
效,26973,0.12
美,26721,0.11
則,26670,0.11
項,26663,0.11
且,26647,0.11
使,26463,0.11
事,26399,0.11
例,26282,0.11
依,26150,0.11
去,25742,0.11
準,25357,0.11
點,24982,0.11
展,24460,0.1
置,24443,0.1
非,24115,0.1
統,23931,0.1
仍,23728,0.1
司,23581,0.1
修,23486,0.1
起,23371,0.1
費,22910,0.1
說,22907,0.1
積,22578,0.1
際,22524,0.1
聯,22490,0.1
幅,22436,0.1
徵,22433,0.1
助,22291,0.1
處,22282,0.1
眾,22264,0.1
穩,22228,0.1
採,21809,0.09
導,21794,0.09
範,21731,0.09
意,21684,0.09
申,21660,0.09
安,21453,0.09
取,21451,0.09
支,21422,0.09
具,21376,0.09
強,21373,0.09
配,21339,0.09
企,21289,0.09
築,21160,0.09
義,21114,0.09
顯,21103,0.09
還,21085,0.09
餘,20916,0.09
勢,20869,0.09
致,20706,0.09
解,20476,0.09
回,20469,0.09
億,20445,0.09
改,20402,0.09
結,20353,0.09
據,20332,0.09
員,20267,0.09
果,20259,0.09
適,20104,0.09
向,20091,0.09
居,19952,0.09
除,19874,0.09
請,19789,0.08
程,19775,0.08
然,19766,0.08
我,19600,0.08
源,19564,0.08
文,19550,0.08
立,19438,0.08
型,19207,0.08
式,19113,0.08
東,18978,0.08
算,18966,0.08
息,18939,0.08
少,18938,0.08
底,18937,0.08
賣,18748,0.08
研,18712,0.08
小,18641,0.08
原,18582,0.08
查,18442,0.08
逾,18374,0.08
每,18267,0.08
達,18044,0.08
特,17918,0.08
證,17914,0.08
估,17889,0.08
運,17863,0.08
惟,17753,0.08
代,17739,0.08
該,17715,0.08
包,17641,0.08
擴,17638,0.08
百,17629,0.08
貨,17574,0.08
共,17542,0.08
口,17128,0.07
電,17084,0.07
氣,17075,0.07
選,17074,0.07
債,16992,0.07
認,16913,0.07
審,16861,0.07
球,16838,0.07
四,16825,0.07
補,16772,0.07
專,16752,0.07
子,16744,0.07
股,16676,0.07
透,16566,0.07
告,16554,0.07
學,16553,0.07
五,16442,0.07
鄉,16380,0.07
流,16368,0.07
承,16176,0.07
係,16160,0.07
興,16085,0.07
析,16080,0.07
們,15919,0.07
記,15867,0.07
從,15861,0.07
六,15837,0.07
消,15635,0.07
僅,15615,0.07
團,15524,0.07
今,15504,0.07
境,15480,0.07
集,15407,0.07
港,15401,0.07
觀,15318,0.07
存,15317,0.07
評,15301,0.07
借,15245,0.07
考,15190,0.07
反,15182,0.07
況,15179,0.07
再,15083,0.06
完,15082,0.06
十,15066,0.06
林,15032,0.06
看,15021,0.06
危,14991,0.06
園,14889,0.06
空,14767,0.06
核,14662,0.06
協,14644,0.06
老,14598,0.06
備,14542,0.06
差,14534,0.06
質,14460,0.06
隨,14389,0.06
益,14357,0.06
若,14321,0.06
屬,14320,0.06
緩,14209,0.06
類,14090,0.06
優,14058,0.06
先,14047,0.06
編,14033,0.06
亦,14001,0.06
決,13948,0.06
即,13940,0.06
匯,13911,0.06
號,13771,0.06
布,13763,0.06
青,13726,0.06
寬,13664,0.06
免,13552,0.06
登,13530,0.06
抵,13514,0.06
形,13475,0.06
控,13354,0.06
授,13302,0.06
趨,13271,0.06
占,13254,0.06
確,13210,0.06
讓,13148,0.06
水,13147,0.06
樓,13042,0.06
銷,13013,0.06
容,12993,0.06
給,12947,0.06
兩,12883,0.06
景,12815,0.05
超,12779,0.05
參,12769,0.05
換,12764,0.05
券,12748,0.05
印,12611,0.05
竹,12595,0.05
陸,12589,0.05
訂,12548,0.05
院,12518,0.05
究,12423,0.05
些,12406,0.05
步,12396,0.05
服,12396,0.05
宜,12373,0.05
接,12343,0.05
課,12337,0.05
須,12328,0.05
劃,12307,0.05
論,12298,0.05
移,12290,0.05
門,12280,0.05
著,12276,0.05
半,12250,0.05
只,12187,0.05
照,12174,0.05
直,12166,0.05
常,11969,0.05
雄,11943,0.05
系,11924,0.05
路,11923,0.05
好,11877,0.05
畫,11831,0.05
局,11829,0.05
模,11827,0.05
健,11807,0.05
華,11729,0.05
括,11719,0.05
附,11693,0.05
錄,11672,0.05
天,11667,0.05
維,11632,0.05
做,11628,0.05
引,11622,0.05
首,11591,0.05
樣,11587,0.05
創,11519,0.05
押,11495,0.05
車,11477,0.05
組,11398,0.05
針,11374,0.05
素,11320,0.05
貼,11290,0.05
級,11245,0.05
跌,11090,0.05
委,11016,0.05
付,11013,0.05
檢,10965,0.05
疫,10953,0.05
列,10939,0.05
環,10917,0.05
客,10826,0.05
監,10717,0.05
失,10708,0.05
含,10697,0.05
擇,10647,0.05
段,10553,0.05
速,10546,0.05
否,10531,0.05
筆,10509,0.05
縮,10505,0.05
短,10490,0.04
沒,10473,0.04
善,10400,0.04
桃,10398,0.04
足,10364,0.04
另,10318,0.04
種,10301,0.04
壓,10272,0.04
帶,10263,0.04
何,10220,0.04
落,10179,0.04
執,10173,0.04
坪,10151,0.04
見,10144,0.04
庭,10140,0.04
訊,10084,0.04
活,10079,0.04
名,10016,0.04
排,9961,0.04
炒,9937,0.04
必,9906,0.04
促,9836,0.04
蘭,9785,0.04
象,9767,0.04
根,9733,0.04
難,9686,0.04
張,9644,0.04
頁,9617,0.04
許,9511,0.04
波,9503,0.04
香,9432,0.04
衝,9430,0.04
任,9353,0.04
道,9337,0.04
極,9246,0.04
託,9245,0.04
花,9201,0.04
望,9190,0.04
嚴,9180,0.04
慎,9082,0.04
網,9054,0.04
避,9051,0.04
科,9009,0.04
走,8945,0.04
歐,8939,0.04
城,8871,0.04
按,8750,0.04
打,8646,0.04
被,8641,0.04
七,8616,0.04
才,8605,0.04
契,8488,0.04
討,8400,0.04
延,8345,0.04
納,8328,0.04
惠,8270,0.04
連,8194,0.04
擊,8042,0.03
責,8038,0.03
很,8025,0.03
態,8015,0.03
手,8003,0.03
稱,7982,0.03
言,7968,0.03
倍,7876,0.03
革,7875,0.03
止,7804,0.03
溫,7768,0.03
略,7690,0.03
圍,7627,0.03
漁,7619,0.03
界,7596,0.03
輕,7569,0.03
技,7538,0.03
族,7526,0.03
視,7496,0.03
層,7496,0.03
違,7472,0.03
退,7471,0.03
雖,7471,0.03
票,7443,0.03
富,7415,0.03
彰,7406,0.03
清,7400,0.03
千,7365,0.03
山,7365,0.03
防,7347,0.03
八,7283,0.03
逐,7277,0.03
鬆,7236,0.03
獲,7233,0.03
測,7214,0.03
始,7212,0.03
符,7184,0.03
廠,7156,0.03
缺,7149,0.03
囤,7136,0.03
注,7077,0.03
爭,7030,0.03
鎮,7029,0.03
述,7027,0.03
棟,7022,0.03
嘉,6994,0.03
壽,6994,0.03
儲,6963,0.03
庫,6923,0.03
西,6914,0.03
狀,6842,0.03
繳,6827,0.03
歸,6811,0.03
恐,6786,0.03
英,6782,0.03
勵,6742,0.03
抑,6709,0.03
漸,6688,0.03
撥,6658,0.03
韓,6614,0.03
雙,6578,0.03
書,6562,0.03
賃,6506,0.03
遠,6505,0.03
緊,6493,0.03
異,6491,0.03
頭,6461,0.03
字,6418,0.03
呈,6356,0.03
私,6355,0.03
膨,6323,0.03
廣,6311,0.03
困,6284,0.03
屏,6281,0.03
陳,6279,0.03
復,6272,0.03
弱,6268,0.03
周,6177,0.03
尚,6164,0.03
傳,6153,0.03
域,6046,0.03
越,6029,0.03
償,6016,0.03
留,5972,0.03
舊,5946,0.03
臨,5942,0.03
般,5934,0.03
知,5924,0.03
熱,5922,0.03
待,5880,0.03
世,5873,0.03
身,5839,0.03
