,word,次數
0,的,32739.0
1,不,57101.0
2,一,79625.0
3,我,99039.0
4,是,116737.0
5,人,134375.0
6,有,148721.0
7,了,161442.0
8,大,173858.0
9,國,184518.0
10,來,195138.0
11,生,205394.0
12,在,215382.0
13,子,225090.0
14,們,234544.0
15,中,243295.0
16,上,251963.0
17,他,260517.0
18,時,268828.0
19,小,276889.0
20,地,284469.0
21,出,291906.0
22,以,299329.0
23,學,306635.0
24,可,313837.0
25,自,321036.0
26,這,328211.0
27,會,335255.0
28,成,342251.0
29,家,349230.0
30,到,356087.0
31,為,362925.0
32,天,369724.0
33,心,376486.0
34,年,382836.0
35,然,389100.0
36,要,395325.0
37,得,401518.0
38,說,407669.0
39,過,413697.0
40,個,419592.0
41,著,425461.0
42,能,431204.0
43,下,436887.0
44,動,442454.0
45,發,447943.0
46,臺,453391.0
47,麼,458687.0
48,車,463955.0
49,那,469189.0
50,行,474417.0
51,經,479638.0
52,去,484835.0
53,好,490008.0
54,開,495177.0
55,現,500306.0
56,就,505388.0
57,作,510414.0
58,後,515356.0
59,多,520263.0
60,方,525159.0
61,如,530048.0
62,事,534909.0
63,公,539705.0
64,看,544462.0
65,也,549209.0
66,長,553903.0
67,面,558525.0
68,力,563143.0
69,起,567703.0
70,裡,572226.0
71,高,576589.0
72,用,580883.0
73,業,585149.0
74,你,589373.0
75,因,593506.0
76,而,597631.0
77,分,601707.0
78,市,605737.0
79,於,609767.0
80,道,613774.0
81,外,617756.0
82,沒,621727.0
83,無,625695.0
84,同,629662.0
85,法,633624.0
86,前,637567.0
87,水,641418.0
88,電,645248.0
89,民,649073.0
90,對,652848.0
91,兒,656593.0
92,日,660336.0
93,之,664039.0
94,文,667740.0
95,當,671398.0
96,教,675038.0
97,新,678676.0
98,意,682294.0
99,情,685904.0
100,所,689504.0
101,實,693092.0
102,工,696678.0
103,全,700252.0
104,定,703825.0
105,美,707384.0
106,理,710897.0
107,頭,714396.0
108,本,717889.0
109,明,721381.0
110,氣,724873.0
111,進,728296.0
112,樣,731712.0
113,都,735126.0
114,主,738533.0
115,間,741926.0
116,老,745288.0
117,想,748647.0
118,重,751989.0
119,體,755322.0
120,山,758567.0
121,物,761805.0
122,知,765022.0
123,手,768233.0
124,相,771432.0
125,回,774593.0
126,性,777728.0
127,果,780830.0
128,政,783920.0
129,只,786974.0
130,此,790016.0
131,代,793033.0
132,和,796021.0
133,活,799007.0
134,媽,801993.0
135,親,804977.0
136,化,807952.0
137,加,810927.0
138,影,813852.0
139,什,816755.0
140,身,819657.0
141,己,822517.0
142,灣,825376.0
143,機,828227.0
144,部,831066.0
145,常,833884.0
146,見,836697.0
147,其,839484.0
148,正,842270.0
149,世,845055.0
150,北,847830.0
151,女,850593.0
152,花,853356.0
153,合,856110.0
154,場,858864.0
155,海,861607.0
156,者,864329.0
157,表,866997.0
158,問,869656.0
159,立,872282.0
160,西,874902.0
161,還,877485.0
162,最,880045.0
163,感,882554.0
164,告,885060.0
165,度,887554.0
166,光,890044.0
167,點,892533.0
168,色,894998.0
169,種,897455.0
170,少,899910.0
171,風,902353.0
172,資,904764.0
173,她,907172.0
174,期,909546.0
175,利,911918.0
176,保,914285.0
177,友,916651.0
178,樂,919011.0
179,關,921363.0
180,品,923702.0
181,書,926038.0
182,金,928356.0
183,師,930668.0
184,產,932974.0
185,但,935257.0
186,觀,937507.0
187,平,939755.0
188,太,941995.0
189,名,944214.0
190,空,946430.0
191,變,948640.0
192,安,950844.0
193,聲,953043.0
194,路,955238.0
195,從,957431.0
196,爸,959615.0
197,口,961783.0
198,很,963938.0
199,真,966077.0
200,許,968211.0
201,些,970338.0
202,又,972457.0
203,母,974576.0
204,門,976695.0
205,孩,978805.0
206,展,980914.0
207,像,983018.0
208,目,985118.0
209,信,987217.0
210,今,989309.0
211,應,991398.0
212,特,993486.0
213,十,995572.0
214,東,997645.0
215,入,999709.0
216,話,1001770.0
217,原,1003825.0
218,內,1005878.0
219,把,1007931.0
220,病,1009973.0
221,白,1012010.0
222,星,1014044.0
223,員,1016068.0
224,提,1018091.0
225,總,1020111.0
226,愛,1022130.0
227,畫,1024148.0
228,走,1026145.0
229,片,1028132.0
230,眼,1030104.0
231,比,1032069.0
232,統,1034030.0
233,由,1035989.0
234,界,1037946.0
235,受,1039902.0
236,使,1041846.0
237,朋,1043785.0
238,通,1045718.0
239,球,1047646.0
240,別,1049567.0
241,已,1051476.0
242,覺,1053373.0
243,廣,1055265.0
244,計,1057156.0
245,結,1059043.0
246,接,1060927.0
247,選,1062807.0
248,打,1064679.0
249,先,1066534.0
250,才,1068387.0
251,認,1070235.0
252,候,1072078.0
253,望,1073908.0
254,神,1075724.0
255,何,1077538.0
256,處,1079350.0
257,放,1081156.0
258,做,1082956.0
259,題,1084756.0
260,向,1086549.0
261,位,1088337.0
262,收,1090122.0
263,運,1091905.0
264,三,1093676.0
265,建,1095447.0
266,數,1097218.0
267,解,1098980.0
268,流,1100731.0
269,形,1102480.0
270,量,1104203.0
271,再,1105908.0
272,兩,1107607.0
273,清,1109306.0
274,馬,1111004.0
275,童,1112696.0
276,式,1114379.0
277,直,1116049.0
278,傳,1117719.0
279,難,1119380.0
280,管,1121034.0
281,院,1122687.0
282,快,1124337.0
283,造,1125985.0
284,記,1127623.0
285,必,1129256.0
286,視,1130880.0
287,設,1132483.0
288,次,1134080.0
289,引,1135668.0
290,音,1137252.0
291,報,1138829.0
292,滿,1140405.0
293,術,1141973.0
294,命,1143526.0
295,社,1145076.0
296,月,1146625.0
297,演,1148173.0
298,交,1149720.0
299,司,1151264.0
300,住,1152808.0
301,育,1154352.0
302,聽,1155889.0
303,商,1157420.0
304,反,1158943.0
305,幾,1160466.0
306,邊,1161974.0
307,父,1163470.0
308,至,1164965.0
309,舉,1166459.0
310,醫,1167953.0
311,系,1169445.0
312,治,1170928.0
313,給,1172411.0
314,任,1173884.0
315,轉,1175353.0
316,導,1176821.0
317,辦,1178288.0
318,喜,1179751.0
319,園,1181211.0
320,土,1182669.0
321,遠,1184121.0
322,價,1185573.0
323,科,1187016.0
324,怎,1188457.0
325,四,1189896.0
326,非,1191332.0
327,區,1192767.0
328,歡,1194201.0
329,完,1195631.0
330,往,1197058.0
331,二,1198483.0
332,南,1199898.0
333,容,1201313.0
334,服,1202726.0
335,近,1204135.0
336,調,1205542.0
337,字,1206941.0
338,指,1208339.0
339,象,1209729.0
340,校,1211115.0
341,林,1212500.0
342,未,1213883.0
343,程,1215265.0
344,改,1216646.0
345,求,1218027.0
346,始,1219407.0
347,帶,1220787.0
348,失,1222163.0
349,制,1223533.0
350,精,1224903.0
351,務,1226271.0
352,更,1227637.0
353,每,1228989.0
354,紅,1230340.0
355,陸,1231691.0
356,笑,1233034.0
357,輕,1234367.0
358,吃,1235696.0
359,節,1237020.0
360,強,1238343.0
361,單,1239661.0
362,石,1240973.0
363,古,1242279.0
364,深,1243583.0
365,房,1244883.0
366,整,1246182.0
367,專,1247471.0
368,論,1248759.0
369,等,1250046.0
370,投,1251332.0
371,考,1252616.0
372,斯,1253897.0
373,陽,1255174.0
374,功,1256446.0
375,遊,1257718.0
376,推,1258989.0
377,語,1260260.0
378,念,1261529.0
379,英,1262792.0
380,研,1264050.0
381,樹,1265308.0
382,張,1266563.0
383,創,1267814.0
384,環,1269065.0
385,型,1270315.0
386,便,1271559.0
387,興,1272802.0
388,速,1274044.0
389,義,1275282.0
390,落,1276518.0
391,達,1277753.0
392,戰,1278987.0
393,質,1280218.0
394,示,1281448.0
395,思,1282678.0
396,濟,1283900.0
397,營,1285118.0
398,讀,1286332.0
399,縣,1287544.0
400,費,1288755.0
401,客,1289957.0
402,賽,1291157.0
403,持,1292354.0
404,華,1293546.0
405,火,1294737.0
406,青,1295923.0
407,線,1297106.0
408,格,1298280.0
409,河,1299447.0
410,熱,1300614.0
411,識,1301781.0
412,共,1302947.0
413,故,1304111.0
414,離,1305275.0
415,決,1306438.0
416,王,1307599.0
417,呢,1308750.0
418,腦,1309900.0
419,連,1311048.0
420,團,1312196.0
421,步,1313341.0
422,卻,1314486.0
423,取,1315630.0
424,布,1316765.0
425,消,1317894.0
426,男,1319018.0
427,黃,1320141.0
428,言,1321261.0
429,類,1322380.0
430,死,1323497.0
431,包,1324612.0
432,亞,1325716.0
433,際,1326817.0
434,士,1327917.0
435,眾,1329017.0
436,黨,1330114.0
437,照,1331210.0
438,且,1332305.0
439,早,1333397.0
440,飛,1334488.0
441,及,1335577.0
442,參,1336665.0
443,究,1337751.0
444,寫,1338835.0
445,易,1339918.0
446,備,1340998.0
447,基,1342076.0
448,景,1343152.0
449,算,1344227.0
450,半,1345296.0
451,各,1346364.0
452,角,1347432.0
453,件,1348498.0
454,府,1349564.0
455,雖,1350625.0
456,夫,1351681.0
457,響,1352737.0
458,爭,1353790.0
459,細,1354843.0
460,或,1355895.0
461,軍,1356947.0
462,叫,1357998.0
463,足,1359044.0
464,議,1360089.0
465,苦,1361132.0
466,食,1362172.0
467,第,1363211.0
468,香,1364245.0
469,德,1365278.0
470,技,1366304.0
471,元,1367328.0
472,史,1368352.0
473,城,1369376.0
474,紀,1370398.0
475,它,1371418.0
476,條,1372437.0
477,境,1373455.0
478,排,1374472.0
479,與,1375489.0
480,藝,1376505.0
481,標,1377520.0
482,該,1378534.0
483,斷,1379547.0
484,集,1380557.0
485,器,1381562.0
486,養,1382565.0
487,企,1383561.0
488,態,1384553.0
489,切,1385542.0
490,助,1386518.0
491,夜,1387491.0
492,準,1388464.0
493,雨,1389432.0
494,根,1390400.0
495,聯,1391368.0
496,終,1392335.0
497,除,1393298.0
498,權,1394261.0
499,乎,1395219.0
500,領,1396176.0
501,錢,1397129.0
502,案,1398080.0
503,驗,1399031.0
504,勢,1399980.0
505,奇,1400928.0
506,黑,1401876.0
507,並,1402823.0
508,百,1403768.0
509,規,1404713.0
510,顯,1405657.0
511,具,1406596.0
512,萬,1407530.0
513,存,1408462.0
514,底,1409394.0
515,將,1410326.0
516,圖,1411257.0
517,晚,1412182.0
518,歷,1413107.0
519,詩,1414031.0
520,低,1414952.0
521,拉,1415868.0
522,座,1416784.0
523,春,1417697.0
524,約,1418610.0
525,希,1419515.0
526,假,1420418.0
527,預,1421321.0
528,官,1422221.0
529,似,1423120.0
530,獨,1424019.0
531,增,1424916.0
532,即,1425812.0
533,坐,1426706.0
534,木,1427593.0
535,鄉,1428477.0
536,首,1429360.0
537,找,1430241.0
538,刻,1431122.0
539,爾,1432002.0
540,需,1432881.0
541,草,1433759.0
542,久,1434636.0
543,五,1435511.0
544,戲,1436384.0
545,室,1437256.0
546,局,1438125.0
547,絕,1438991.0
548,確,1439855.0
549,續,1440714.0
550,率,1441569.0
551,效,1442422.0
552,油,1443274.0
553,留,1444126.0
554,克,1444976.0
555,例,1445824.0
556,溫,1446671.0
557,衣,1447517.0
558,里,1448359.0
559,班,1449200.0
560,洲,1450039.0
561,證,1450876.0
562,嚴,1451711.0
563,組,1452545.0
564,況,1453377.0
565,裝,1454208.0
566,值,1455038.0
567,極,1455868.0
568,亮,1456697.0
569,味,1457522.0
570,令,1458346.0
571,須,1459170.0
572,廠,1459994.0
573,弟,1460814.0
574,港,1461634.0
575,護,1462450.0
576,願,1463264.0
577,哥,1464076.0
578,腳,1464885.0
579,料,1465693.0
580,則,1466498.0
581,銀,1467303.0
582,查,1468107.0
583,習,1468906.0
584,製,1469705.0
585,雄,1470502.0
586,健,1471298.0
587,訴,1472093.0
588,注,1472885.0
589,痛,1473677.0
590,血,1474468.0
591,狀,1475259.0
592,登,1476050.0
593,越,1476837.0
594,族,1477620.0
595,龍,1478403.0
596,省,1479182.0
597,級,1479961.0
598,葉,1480739.0
599,跟,1481517.0
600,劇,1482295.0
601,蘭,1483073.0
602,異,1483849.0
603,趣,1484623.0
604,魚,1485395.0
605,職,1486167.0
606,請,1486938.0
607,居,1487705.0
608,源,1488472.0
609,隨,1489238.0
610,優,1490004.0
611,李,1490769.0
612,配,1491531.0
613,舞,1492293.0
614,險,1493055.0
615,破,1493815.0
616,壓,1494574.0
617,防,1495332.0
618,股,1496090.0
619,歌,1496847.0
620,列,1497603.0
621,農,1498357.0
622,般,1499108.0
623,福,1499858.0
624,密,1500606.0
625,嗎,1501353.0
626,緊,1502100.0
627,謝,1502847.0
628,充,1503593.0
629,皮,1504338.0
630,玩,1505083.0
631,策,1505828.0
632,維,1506573.0
633,麗,1507315.0
634,旅,1508056.0
635,傷,1508793.0
636,吸,1509528.0
637,禮,1510263.0
638,印,1510996.0
639,超,1511729.0
640,被,1512460.0
641,試,1513191.0
642,談,1513922.0
643,背,1514650.0
644,支,1515377.0
645,甚,1516104.0
646,銷,1516829.0
647,館,1517550.0
648,息,1518270.0
649,千,1518989.0
650,財,1519708.0
651,雙,1520426.0
652,靜,1521143.0
653,曾,1521857.0
654,漸,1522570.0
655,買,1523281.0
656,否,1523991.0
657,送,1524700.0
658,升,1525406.0
659,站,1526112.0
660,係,1526815.0
661,微,1527518.0
662,修,1528215.0
663,巴,1528911.0
664,寶,1529607.0
665,致,1530300.0
666,汽,1530986.0
667,急,1531672.0
668,素,1532357.0
669,驚,1533042.0
670,野,1533724.0
671,供,1534405.0
672,良,1535085.0
673,適,1535765.0
674,積,1536445.0
675,牛,1537124.0
676,招,1537803.0
677,八,1538481.0
678,阿,1539159.0
679,懷,1539837.0
680,洋,1540513.0
681,課,1541189.0
682,答,1541857.0
683,獎,1542524.0
684,屋,1543190.0
685,唱,1543856.0
686,模,1544522.0
687,羅,1545188.0
688,藥,1545854.0
689,跑,1546519.0
690,綠,1547183.0
691,盡,1547846.0
692,怕,1548508.0
693,待,1549170.0
694,夠,1549831.0
695,突,1550491.0
696,初,1551148.0
697,康,1551805.0
698,差,1552461.0
699,減,1553116.0
700,燈,1553770.0
701,票,1554423.0
702,復,1555075.0
703,臉,1555727.0
704,施,1556377.0
705,較,1557027.0
706,益,1557670.0
707,獲,1558311.0
708,講,1558949.0
709,讓,1559587.0
710,冷,1560223.0
711,負,1560857.0
712,善,1561490.0
713,簡,1562123.0
714,止,1562755.0
715,害,1563387.0
716,構,1564018.0
717,錯,1564648.0
718,酒,1565277.0
719,另,1565905.0
720,慢,1566533.0
721,輪,1567160.0
722,拿,1567786.0
723,操,1568412.0
724,岸,1569037.0
725,稱,1569662.0
726,層,1570287.0
727,靈,1570912.0
728,筆,1571536.0
729,隊,1572160.0
730,雲,1572784.0
731,富,1573407.0
732,據,1574030.0
733,倒,1574652.0
734,智,1575274.0
735,飯,1575896.0
736,樓,1576517.0
737,竟,1577137.0
738,依,1577756.0
739,雜,1578375.0
740,仍,1578993.0
741,委,1579610.0
742,散,1580220.0
743,紙,1580829.0
744,庭,1581436.0
745,坡,1582042.0
746,毒,1582647.0
747,顧,1583252.0
748,停,1583855.0
749,評,1584457.0
750,聞,1585059.0
751,賣,1585661.0
752,檢,1586263.0
753,毛,1586861.0
754,款,1587459.0
755,責,1588056.0
756,店,1588652.0
757,擔,1589248.0
758,幫,1589844.0
759,船,1590439.0
760,歐,1591034.0
761,牙,1591628.0
762,限,1592222.0
763,臨,1592816.0
764,婦,1593408.0
765,擎,1593999.0
766,迷,1594588.0
767,板,1595176.0
768,換,1595764.0
769,沙,1596351.0
770,歲,1596938.0
771,典,1597524.0
772,群,1598110.0
773,午,1598694.0
774,彩,1599278.0
775,採,1599857.0
776,段,1600435.0
777,免,1601012.0
778,競,1601588.0
779,吧,1602163.0
780,六,1602736.0
781,田,1603309.0
782,錄,1603882.0
783,察,1604454.0
784,衛,1605024.0
785,永,1605593.0
786,周,1606162.0
787,隻,1606730.0
788,舊,1607296.0
789,句,1607860.0
790,乾,1608420.0
791,追,1608976.0
792,戶,1609531.0
793,夏,1610086.0
794,執,1610639.0
795,波,1611191.0
796,穿,1611743.0
797,堂,1612295.0
798,礙,1612846.0
799,忙,1613396.0
800,幼,1613943.0
801,織,1614489.0
802,威,1615034.0
803,缺,1615578.0
804,革,1616121.0
805,恐,1616661.0
806,盤,1617201.0
807,卡,1617740.0
808,沉,1618278.0
809,忽,1618815.0
810,妹,1619351.0
811,劃,1619887.0
812,討,1620422.0
813,繼,1620955.0
814,休,1621485.0
815,染,1622015.0
816,逐,1622545.0
817,鐵,1623075.0
818,怪,1623604.0
819,貨,1624132.0
820,悲,1624660.0
821,號,1625188.0
822,牠,1625715.0
823,婚,1626242.0
824,寒,1626769.0
825,志,1627295.0
826,江,1627820.0
827,激,1628345.0
828,擊,1628869.0
829,竹,1629391.0
830,勞,1629912.0
831,遺,1630432.0
832,夢,1630951.0
833,圍,1631469.0
834,窗,1631987.0
835,降,1632503.0
836,街,1633019.0
837,幕,1633535.0
838,呼,1634047.0
839,熟,1634558.0
840,鏡,1635069.0
841,睡,1635579.0
842,忘,1636088.0
843,村,1636597.0
844,九,1637105.0
845,派,1637613.0
846,殺,1638121.0
847,尋,1638629.0
848,菜,1639136.0
849,拍,1639642.0
850,附,1640148.0
851,鳥,1640654.0
852,稅,1641159.0
853,置,1641663.0
854,島,1642166.0
855,烈,1642668.0
856,退,1643169.0
857,移,1643670.0
858,療,1644171.0
859,徵,1644671.0
860,跳,1645169.0
861,宋,1645666.0
862,勝,1646163.0
863,曲,1646658.0
864,探,1647153.0
865,訪,1647648.0
866,植,1648143.0
867,伯,1648632.0
868,朝,1649121.0
869,協,1649609.0
870,訊,1650096.0
871,畢,1650583.0
872,浪,1651069.0
873,普,1651555.0
874,餐,1652041.0
875,剛,1652526.0
876,洗,1653009.0
877,短,1653490.0
878,補,1653971.0
879,啊,1654451.0
880,控,1654930.0
881,迎,1655408.0
882,耳,1655885.0
883,左,1656361.0
884,牌,1656837.0
885,警,1657313.0
886,尼,1657788.0
887,略,1658263.0
888,塊,1658738.0
889,掉,1659212.0
890,圓,1659686.0
891,材,1660159.0
892,掌,1660632.0
893,右,1661104.0
894,帝,1661576.0
895,搖,1662048.0
896,京,1662519.0
897,陳,1662990.0
898,測,1663461.0
899,肉,1663931.0
900,售,1664401.0
901,雪,1664871.0
902,秋,1665340.0
903,救,1665808.0
904,賞,1666276.0
905,亂,1666742.0
906,潮,1667203.0
907,皇,1667663.0
908,湖,1668123.0
909,守,1668582.0
910,射,1669040.0
911,雞,1669498.0
912,貴,1669953.0
913,煙,1670407.0
914,露,1670861.0
915,避,1671314.0
916,藏,1671767.0
917,宜,1672219.0
918,額,1672669.0
919,七,1673118.0
920,抗,1673567.0
921,享,1674015.0
922,鼓,1674462.0
923,屬,1674909.0
924,購,1675355.0
925,頂,1675800.0
926,疑,1676245.0
927,宮,1676689.0
928,睛,1677133.0
929,冰,1677576.0
930,透,1678017.0
931,障,1678456.0
932,困,1678894.0
933,慶,1679332.0
934,宣,1679768.0
935,旁,1680203.0
936,洞,1680636.0
937,巨,1681068.0
938,趕,1681500.0
939,姐,1681931.0
940,若,1682361.0
941,律,1682790.0
942,症,1683219.0
943,陰,1683648.0
944,順,1684077.0
945,階,1684504.0
946,擇,1684930.0
947,承,1685355.0
948,幸,1685778.0
949,歸,1686201.0
950,豐,1686624.0
951,鐘,1687047.0
952,遇,1687467.0
953,端,1687887.0
954,擁,1688307.0
955,默,1688726.0
956,橋,1689144.0
957,盛,1689560.0
958,編,1689976.0
959,廳,1690391.0
960,託,1690804.0
961,州,1691216.0
962,訓,1691628.0
963,敗,1692039.0
964,翻,1692449.0
965,危,1692858.0
966,婆,1693267.0
967,抱,1693675.0
968,骨,1694082.0
969,僅,1694488.0
970,範,1694894.0
971,壞,1695300.0
972,茶,1695705.0
973,麻,1696110.0
974,紛,1696514.0
975,棒,1696918.0
976,奶,1697320.0
977,誰,1697722.0
978,私,1698122.0
979,鬆,1698522.0
980,娘,1698921.0
981,堅,1699320.0
982,博,1699719.0
983,淡,1700117.0
984,嘴,1700514.0
985,季,1700910.0
986,納,1701305.0
987,尤,1701699.0
988,肯,1702093.0
989,隆,1702486.0
990,介,1702878.0
991,玉,1703270.0
992,倫,1703661.0
993,惡,1704052.0
994,游,1704442.0
995,彈,1704831.0
996,練,1705220.0
997,蟲,1705609.0
998,陣,1705997.0
999,揮,1706384.0
1000,絲,1706771.0
1001,兵,1707157.0
1002,患,1707543.0
1003,餘,1707929.0
1004,飲,1708314.0
1005,央,1708698.0
1006,閒,1709082.0
1007,暗,1709466.0
1008,鮮,1709850.0
1009,冬,1710233.0
1010,績,1710616.0
1011,武,1710998.0
1012,觸,1711380.0
1013,章,1711761.0
1014,頓,1712141.0
1015,榮,1712521.0
1016,緣,1712900.0
1017,髮,1713279.0
1018,融,1713658.0
1019,鎮,1714037.0
1020,努,1714413.0
1021,奧,1714789.0
1022,播,1715165.0
1023,途,1715539.0
1024,哈,1715911.0
1025,佳,1716282.0
1026,築,1716653.0
1027,醒,1717024.0
1028,桃,1717394.0
1029,床,1717763.0
1030,巧,1718131.0
1031,珠,1718499.0
1032,淚,1718867.0
1033,煩,1719235.0
1034,牆,1719603.0
1035,索,1719970.0
1036,遍,1720337.0
1037,亡,1720703.0
1038,脫,1721069.0
1039,豆,1721433.0
1040,述,1721797.0
1041,殘,1722160.0
1042,付,1722522.0
1043,聖,1722884.0
1044,妻,1723245.0
1045,隱,1723606.0
1046,喝,1723965.0
1047,漢,1724323.0
1048,釋,1724681.0
1049,秀,1725037.0
1050,俗,1725393.0
1051,哪,1725749.0
1052,敢,1726105.0
1053,距,1726461.0
1054,瓜,1726816.0
1055,淨,1727171.0
1056,縮,1727525.0
1057,禁,1727878.0
1058,固,1728229.0
1059,抽,1728580.0
1060,揚,1728931.0
1061,概,1729281.0
1062,燒,1729631.0
1063,尊,1729980.0
1064,憶,1730329.0
1065,米,1730677.0
1066,忍,1731025.0
1067,孔,1731371.0
1068,哭,1731716.0
1069,呀,1732060.0
1070,尾,1732404.0
1071,佛,1732747.0
1072,暴,1733090.0
1073,珍,1733432.0
1074,幣,1733774.0
1075,括,1734115.0
1076,航,1734456.0
1077,域,1734797.0
1078,跡,1735137.0
1079,攝,1735477.0
1080,互,1735816.0
1081,培,1736155.0
1082,楚,1736494.0
1083,擴,1736833.0
1084,祖,1737171.0
1085,啟,1737509.0
1086,漫,1737847.0
1087,衝,1738185.0
1088,尺,1738522.0
1089,掛,1738859.0
1090,訂,1739195.0
1091,針,1739531.0
1092,握,1739867.0
1093,詞,1740203.0
1094,藍,1740538.0
1095,架,1740872.0
1096,爺,1741205.0
1097,桌,1741537.0
1098,壁,1741869.0
1099,謂,1742201.0
1100,幅,1742532.0
1101,箱,1742863.0
1102,伸,1743193.0
1103,延,1743523.0
1104,妙,1743852.0
1105,挑,1744181.0
1106,泥,1744507.0
1107,炎,1744833.0
1108,拜,1745159.0
1109,胞,1745485.0
1110,隔,1745811.0
1111,唯,1746136.0
1112,封,1746460.0
1113,胡,1746783.0
1114,慮,1747106.0
1115,份,1747428.0
1116,仔,1747748.0
1117,敬,1748068.0
1118,懂,1748388.0
1119,核,1748707.0
1120,偏,1749025.0
1121,媒,1749343.0
1122,滋,1749661.0
1123,刊,1749977.0
1124,版,1750293.0
1125,冠,1750609.0
1126,疾,1750925.0
1127,偶,1751241.0
1128,刺,1751556.0
1129,乘,1751871.0
1130,授,1752186.0
1131,峰,1752500.0
1132,慧,1752814.0
1133,蓮,1753128.0
1134,鬧,1753442.0
1135,束,1753754.0
1136,副,1754066.0
1137,荷,1754377.0
1138,宗,1754687.0
1139,脈,1754997.0
1140,慣,1755307.0
1141,璃,1755617.0
1142,奮,1755926.0
1143,閃,1756234.0
1144,齊,1756541.0
1145,震,1756848.0
1146,蘇,1757155.0
1147,丹,1757461.0
1148,塞,1757767.0
1149,貝,1758072.0
1150,誌,1758377.0
1151,摩,1758682.0
1152,寬,1758986.0
1153,厚,1759289.0
1154,劉,1759592.0
1155,含,1759894.0
1156,尚,1760196.0
1157,靠,1760498.0
1158,析,1760799.0
1159,狗,1761099.0
1160,偷,1761399.0
1161,祕,1761698.0
1162,駕,1761997.0
1163,辛,1762294.0
1164,液,1762591.0
1165,審,1762888.0
1166,項,1763184.0
1167,穩,1763480.0
1168,伴,1763775.0
1169,壯,1764070.0
1170,惜,1764365.0
1171,爬,1764659.0
1172,替,1764953.0
1173,雅,1765247.0
1174,駛,1765541.0
1175,伊,1765834.0
1176,均,1766127.0
1177,映,1766420.0
1178,棄,1766713.0
1179,蓋,1767006.0
1180,誠,1767298.0
1181,誤,1767589.0
1182,楊,1767879.0
1183,溪,1768169.0
1184,申,1768458.0
1185,晨,1768747.0
1186,蛋,1769036.0
1187,折,1769324.0
1188,純,1769611.0
1189,鬼,1769898.0
1190,宇,1770184.0
1191,森,1770470.0
1192,憂,1770756.0
1193,套,1771041.0
1194,灰,1771325.0
1195,輸,1771609.0
1196,欣,1771892.0
1197,軟,1772175.0
1198,塑,1772458.0
1199,顏,1772741.0
1200,判,1773023.0
1201,袋,1773305.0
1202,幹,1773587.0
1203,塔,1773868.0
1204,勇,1774148.0
1205,柔,1774428.0
1206,週,1774708.0
1207,載,1774988.0
1208,雷,1775268.0
1209,吉,1775546.0
1210,批,1775824.0
1211,玻,1776102.0
1212,貿,1776380.0
1213,旦,1776657.0
1214,硬,1776934.0
1215,席,1777210.0
1216,祥,1777486.0
1217,茂,1777760.0
1218,寧,1778034.0
1219,叔,1778307.0
1220,複,1778580.0
1221,誕,1778853.0
1222,乏,1779125.0
1223,愈,1779397.0
1224,犯,1779667.0
1225,孫,1779936.0
1226,橫,1780205.0
1227,舒,1780473.0
1228,凡,1780740.0
1229,飾,1781007.0
1230,繁,1781274.0
1231,朗,1781539.0
1232,暑,1781804.0
1233,潔,1782069.0
1234,仙,1782333.0
1235,肥,1782594.0
1236,貼,1782855.0
1237,溝,1783116.0
1238,鼻,1783377.0
1239,孤,1783637.0
1240,宙,1783897.0
1241,輔,1784157.0
1242,鞋,1784417.0
1243,鋼,1784677.0
1244,廢,1784936.0
1245,沿,1785194.0
1246,糖,1785452.0
1247,甘,1785709.0
1248,逃,1785966.0
1249,輝,1786223.0
1252,勵,1786480.0
1253,估,1786736.0
1254,儘,1786992.0
1255,您,1787247.0
1256,涼,1787502.0
1257,虛,1787757.0
1258,丈,1788011.0
1259,怨,1788265.0
1260,網,1788519.0
1261,昏,1788772.0
1262,松,1789025.0
1263,泰,1789278.0
1264,鬥,1789531.0
1265,莫,1789783.0
1266,聚,1790035.0
1267,擺,1790287.0
1268,零,1790538.0
1269,弱,1790787.0
1270,覆,1791035.0
1271,獻,1791283.0
1272,遭,1791530.0
1273,諾,1791777.0
1274,刀,1792023.0
1275,仰,1792269.0
1276,姑,1792515.0
1277,昨,1792761.0
1278,累,1793007.0
1279,晶,1793253.0
1280,啦,1793498.0
1281,魯,1793743.0
1282,汙,1793987.0
1283,扭,1794231.0
1284,促,1794474.0
1285,偉,1794717.0
1286,陶,1794960.0
1287,惱,1795203.0
1288,椅,1795446.0
1289,監,1795689.0
1290,狂,1795931.0
1291,滑,1796173.0
1292,既,1796414.0
1293,堆,1796655.0
1294,滅,1796896.0
1295,尖,1797136.0
1296,裂,1797376.0
1297,摸,1797616.0
1298,旗,1797856.0
1299,烏,1798095.0
1300,損,1798334.0
1301,緩,1798573.0
1302,彼,1798811.0
1303,泉,1799049.0
1304,浮,1799287.0
1305,瓶,1799525.0
1306,閉,1799763.0
1309,塵,1800001.0
1310,貌,1800239.0
1311,繪,1800477.0
1312,末,1800714.0
1313,喊,1800951.0
1314,迴,1801187.0
1315,紹,1801423.0
1316,慈,1801659.0
1317,洛,1801894.0
1318,粉,1802129.0
1319,傾,1802364.0
1320,貓,1802599.0
1321,齡,1802834.0
1322,殊,1803068.0
1323,揭,1803302.0
1324,罪,1803536.0
1325,鄭,1803770.0
1326,兄,1804003.0
1327,弄,1804236.0
1328,診,1804469.0
1329,肌,1804701.0
1330,谷,1804933.0
1331,圈,1805165.0
1332,莊,1805397.0
1333,貪,1805629.0
1334,滾,1805861.0
1335,膚,1806093.0
1336,衡,1806325.0
1337,阻,1806556.0
1338,暖,1806787.0
1339,幻,1807017.0
1340,吹,1807247.0
1341,恩,1807477.0
1342,齒,1807707.0
1343,乳,1807935.0
1344,拔,1808163.0
1345,爆,1808391.0
1346,豪,1808618.0
1347,賴,1808845.0
1348,瓦,1809071.0
1349,虎,1809296.0
1350,署,1809521.0
1351,亦,1809745.0
1352,胸,1809969.0
1353,裁,1810192.0
1354,搭,1810415.0
1355,瑞,1810638.0
1356,儀,1810861.0
1357,奔,1811083.0
1358,琴,1811305.0
1359,仁,1811526.0
1360,彎,1811747.0
1361,枝,1811967.0
1362,符,1812187.0
1363,聰,1812407.0
1366,奏,1812626.0
1367,窮,1812845.0
1368,哀,1813063.0
1369,漂,1813281.0
1370,撞,1813499.0
1371,鄰,1813717.0
1372,迫,1813934.0
1373,徑,1814151.0
1374,潛,1814368.0
1375,臟,1814585.0
1376,汗,1814801.0
1377,毫,1815017.0
1378,凱,1815233.0
1379,酸,1815449.0
1380,托,1815664.0
1381,攻,1815879.0
1382,冒,1816094.0
1383,懸,1816309.0
1384,耐,1816523.0
1385,賓,1816737.0
1386,吳,1816950.0
1387,荒,1817163.0
1388,匯,1817376.0
1389,戀,1817589.0
1390,梅,1817801.0
1391,壽,1818013.0
1392,豬,1818225.0
1393,腐,1818436.0
1394,澳,1818647.0
1395,占,1818857.0
1396,蒙,1819067.0
1397,濃,1819277.0
1398,混,1819486.0
1399,搶,1819695.0
1400,縱,1819904.0
1401,惠,1820112.0
1402,肝,1820319.0
1403,郵,1820526.0
1404,抓,1820732.0
1405,岩,1820938.0
1406,忠,1821144.0
1407,返,1821350.0
1408,敵,1821556.0
1409,緒,1821761.0
1410,噴,1821966.0
1411,頻,1822171.0
1412,干,1822375.0
1413,描,1822579.0
1414,番,1822782.0
1415,潤,1822985.0
1416,繞,1823188.0
1417,按,1823390.0
1418,苗,1823592.0
1419,寂,1823794.0
1420,踏,1823996.0
1423,插,1824197.0
1424,稚,1824398.0
1425,滴,1824599.0
1426,稿,1824800.0
1427,敏,1825000.0
1428,振,1825199.0
1429,篇,1825398.0
1430,薄,1825597.0
1431,丁,1825795.0
1432,抵,1825993.0
1433,祝,1826191.0
1434,董,1826389.0
1435,遲,1826587.0
1436,檔,1826785.0
1437,彷,1826982.0
1438,渡,1827179.0
1439,轎,1827376.0
1440,麥,1827572.0
1441,池,1827767.0
1442,序,1827962.0
1443,郎,1828157.0
1444,嘆,1828352.0
1445,驅,1828547.0
1446,坦,1828741.0
1447,泡,1828935.0
1448,哲,1829129.0
1449,眠,1829323.0
1450,寄,1829517.0
1451,粗,1829710.0
1452,陷,1829903.0
1453,甲,1830095.0
1454,羊,1830287.0
1455,輯,1830479.0
1456,籍,1830671.0
1457,朵,1830862.0
1458,貧,1831053.0
1459,糊,1831244.0
1460,闆,1831435.0
1461,杜,1831625.0
1462,津,1831815.0
1463,旋,1832005.0
1464,漲,1832195.0
1465,曉,1832385.0
1466,飄,1832575.0
1467,彿,1832764.0
1468,吐,1832952.0
1469,圾,1833140.0
1470,垃,1833328.0
1471,徐,1833516.0
1472,悅,1833704.0
1473,膽,1833892.0
1474,某,1834079.0
1475,庫,1834266.0
1476,梁,1834453.0
1477,閱,1834640.0
1480,墨,1834827.0
1481,魔,1835014.0
1482,呈,1835200.0
1483,峽,1835386.0
1484,巡,1835571.0
1485,覽,1835756.0
1486,悄,1835940.0
1487,牽,1836124.0
1488,焦,1836308.0
1489,戴,1836492.0
1490,奪,1836675.0
1491,耶,1836857.0
1492,胎,1837039.0
1493,徒,1837221.0
1494,悟,1837403.0
1495,悠,1837585.0
1496,斜,1837767.0
1497,傑,1837949.0
1498,搬,1838131.0
1499,蒼,1838313.0
1500,豔,1838495.0
1501,幽,1838676.0
1502,喪,1838857.0
1503,擠,1839038.0
1504,辭,1839219.0
1505,刷,1839399.0
1506,剪,1839579.0
1507,稀,1839759.0
1508,萊,1839939.0
1509,債,1840119.0
1510,腿,1840299.0
1511,磨,1840479.0
1512,怒,1840658.0
1513,捉,1840837.0
1514,嬰,1841016.0
1515,娃,1841194.0
1516,棋,1841372.0
1517,蝶,1841550.0
1518,爐,1841728.0
1519,夕,1841905.0
1520,君,1842082.0
1521,聊,1842259.0
1522,魂,1842436.0
1523,讚,1842613.0
1524,予,1842789.0
1525,赤,1842965.0
1526,唐,1843141.0
1527,暫,1843317.0
1528,屏,1843492.0
1529,恨,1843667.0
1530,曼,1843842.0
1531,啡,1844017.0
1532,諸,1844192.0
1533,韓,1844367.0
1534,擾,1844542.0
1537,躍,1844717.0
1538,臣,1844891.0
1539,拒,1845065.0
1540,垂,1845239.0
1541,姿,1845413.0
1542,貞,1845587.0
1543,宿,1845761.0
1544,祭,1845935.0
1545,咖,1846108.0
1546,借,1846281.0
1547,勒,1846454.0
1548,殖,1846627.0
1549,碗,1846800.0
1550,遷,1846973.0
1551,礎,1847146.0
1552,掃,1847318.0
1553,雕,1847490.0
1554,麵,1847662.0
1555,肩,1847833.0
1556,埃,1848004.0
1557,痕,1848175.0
1558,碼,1848346.0
1559,鎖,1848517.0
1560,尿,1848687.0
1561,肚,1848857.0
1562,勁,1849027.0
1563,勤,1849197.0
1564,井,1849366.0
1565,措,1849535.0
1566,姓,1849703.0
1567,抬,1849871.0
1568,梯,1850039.0
1569,湯,1850207.0
1570,紫,1850375.0
1571,醉,1850543.0
1572,眉,1850710.0
1573,欲,1850877.0
1574,匆,1851043.0
1575,側,1851209.0
1576,淺,1851375.0
1577,貸,1851541.0
1578,鼠,1851707.0
1579,擦,1851873.0
1580,霧,1852039.0
1581,召,1852204.0
1582,杯,1852369.0
1583,胖,1852534.0
1584,俱,1852699.0
1585,甜,1852864.0
1586,猶,1853029.0
1587,膠,1853194.0
1588,闊,1853359.0
1589,姨,1853522.0
1590,衰,1853685.0
1591,腔,1853848.0
1594,壇,1854011.0
1595,藉,1854174.0
1596,騎,1854337.0
1597,盒,1854499.0
1598,戒,1854660.0
1599,券,1854821.0
1600,采,1854982.0
1601,紐,1855143.0
1602,殿,1855304.0
1603,遙,1855465.0
1604,攀,1855626.0
1605,川,1855786.0
1606,奉,1855946.0
1607,姊,1856106.0
1608,捐,1856266.0
1609,耀,1856426.0
1610,捕,1856585.0
1611,循,1856744.0
1612,菌,1856903.0
1613,碰,1857062.0
1614,輩,1857221.0
1615,昌,1857379.0
1616,宴,1857537.0
1617,捷,1857695.0
1618,跨,1857853.0
1619,槍,1858011.0
1620,贈,1858169.0
1621,譯,1858327.0
1622,串,1858484.0
1623,拖,1858641.0
1624,俄,1858798.0
1625,桂,1858955.0
1626,帳,1859112.0
1627,碎,1859269.0
1628,詳,1859426.0
1629,瘦,1859583.0
1630,澤,1859740.0
1631,泳,1859896.0
1632,租,1860052.0
1633,輛,1860208.0
1634,獵,1860364.0
1635,籠,1860520.0
1636,屈,1860675.0
1637,恢,1860830.0
1638,飽,1860985.0
1639,褲,1861140.0
1640,叢,1861295.0
1641,騰,1861450.0
1642,爛,1861605.0
1643,囊,1861760.0
1644,吾,1861914.0
1645,躲,1862068.0
1646,嘉,1862222.0
1647,徹,1862376.0
1648,挖,1862529.0
1651,鍵,1862682.0
1652,銅,1862834.0
1653,棉,1862985.0
1654,溼,1863136.0
1655,暢,1863287.0
1656,嚇,1863438.0
1657,鴻,1863589.0
1658,伏,1863739.0
1659,呆,1863889.0
1660,宏,1864039.0
1661,堡,1864189.0
1662,腰,1864339.0
1663,腸,1864489.0
1664,稻,1864639.0
1665,丟,1864788.0
1666,奈,1864937.0
1667,舍,1865086.0
1668,柯,1865235.0
1669,癌,1865384.0
1670,籌,1865533.0
1671,妞,1865681.0
1672,秦,1865829.0
1673,悉,1865977.0
1674,愁,1866125.0
1675,黎,1866273.0
1676,邀,1866421.0
1677,扮,1866568.0
1678,拾,1866715.0
1679,割,1866862.0
1680,后,1867008.0
1681,廚,1867154.0
1682,薪,1867300.0
1683,蹤,1867446.0
1684,獸,1867592.0
1685,疼,1867737.0
1686,廂,1867882.0
1687,援,1868027.0
1688,脹,1868172.0
1689,氧,1868316.0
1690,捨,1868460.0
1691,腹,1868604.0
1692,碧,1868748.0
1693,鳳,1868892.0
1694,罷,1869036.0
1695,蟻,1869180.0
1696,猛,1869323.0
1697,帽,1869466.0
1698,嘗,1869609.0
1699,夾,1869751.0
1700,迅,1869893.0
1701,侵,1870035.0
1702,迪,1870177.0
1703,葡,1870319.0
1704,厲,1870461.0
1705,災,1870602.0
1708,軌,1870743.0
1709,埋,1870884.0
1710,雀,1871025.0
1711,鋪,1871166.0
1712,燃,1871307.0
1713,兼,1871447.0
1714,猜,1871587.0
1715,貫,1871727.0
1716,督,1871867.0
1717,裕,1872007.0
1718,撒,1872147.0
1719,燕,1872287.0
1720,頸,1872427.0
1721,瞭,1872567.0
1722,虧,1872707.0
1723,蹈,1872847.0
1724,薩,1872987.0
1725,疊,1873127.0
1726,柏,1873266.0
1727,賀,1873405.0
1728,碑,1873544.0
1729,敲,1873683.0
1730,韻,1873822.0
1731,墓,1873960.0
1732,謀,1874098.0
1733,賺,1874236.0
1734,臘,1874374.0
1735,籃,1874512.0
1736,柱,1874649.0
1737,疏,1874786.0
1738,剩,1874923.0
1739,筋,1875060.0
1740,縫,1875197.0
1741,吵,1875333.0
1742,耕,1875469.0
1743,盟,1875605.0
1744,廟,1875741.0
1745,擬,1875877.0
1746,懼,1876013.0
1747,秘,1876148.0
1748,漁,1876283.0
1749,賢,1876418.0
1750,撿,1876553.0
1751,羽,1876687.0
1752,氛,1876821.0
1753,勃,1876955.0
1754,炸,1877089.0
1755,涯,1877223.0
1756,棵,1877357.0
1757,塗,1877491.0
1758,膀,1877625.0
1759,慰,1877759.0
1760,簽,1877893.0
1761,宅,1878026.0
1762,牧,1878159.0
1765,添,1878292.0
1766,稍,1878425.0
1767,廉,1878558.0
1768,獅,1878691.0
1769,漠,1878824.0
1770,併,1878956.0
1771,萄,1879088.0
1772,罵,1879220.0
1773,朱,1879351.0
1774,掘,1879482.0
1775,盜,1879613.0
1776,催,1879744.0
1777,乃,1879874.0
1778,扣,1880004.0
1779,劫,1880134.0
1780,址,1880264.0
1781,肅,1880394.0
1782,禍,1880524.0
1783,翠,1880654.0
1784,錦,1880784.0
1785,趨,1880914.0
1786,贊,1881044.0
1787,礦,1881174.0
1788,灑,1881304.0
1789,艾,1881433.0
1790,扶,1881562.0
1791,沖,1881691.0
1792,昂,1881820.0
1793,粒,1881949.0
1794,琳,1882078.0
1795,詢,1882207.0
1796,厭,1882336.0
1797,夥,1882465.0
1798,罰,1882594.0
1799,佈,1882722.0
1800,陪,1882850.0
1801,廊,1882978.0
1802,蛙,1883106.0
1803,邁,1883234.0
1804,契,1883361.0
1805,疫,1883488.0
1806,盆,1883615.0
1807,崇,1883742.0
1808,惑,1883869.0
1809,溜,1883996.0
1810,臂,1884123.0
1811,孟,1884249.0
1812,愉,1884375.0
1813,違,1884501.0
1814,凝,1884627.0
1815,盈,1884752.0
1816,胃,1884877.0
1817,趙,1885002.0
1818,閣,1885127.0
1819,鴨,1885252.0
1822,寸,1885376.0
1823,枯,1885500.0
1824,炮,1885624.0
1825,陌,1885748.0
1826,疲,1885872.0
1827,慘,1885996.0
1828,孝,1886119.0
1829,紋,1886242.0
1830,耗,1886365.0
1831,跌,1886488.0
1832,傲,1886611.0
1833,鈴,1886734.0
1834,鳴,1886857.0
1835,憐,1886980.0
1836,憲,1887103.0
1837,刑,1887225.0
1838,卷,1887347.0
1839,凍,1887469.0
1840,淋,1887591.0
1841,販,1887713.0
1842,膜,1887835.0
1843,憑,1887957.0
1844,櫻,1888079.0
1845,脂,1888200.0
1846,慎,1888321.0
1847,榜,1888442.0
1848,赫,1888563.0
1849,辯,1888684.0
1850,襲,1888805.0
1851,炒,1888925.0
1852,桿,1889045.0
1853,截,1889165.0
1854,綿,1889285.0
1855,寵,1889405.0
1856,鑽,1889525.0
1857,廷,1889644.0
1858,寓,1889763.0
1859,湧,1889882.0
1860,逼,1890001.0
1861,慕,1890120.0
1862,劑,1890239.0
1863,嶺,1890358.0
1864,顆,1890477.0
1865,冊,1890595.0
1866,汁,1890713.0
1867,寺,1890831.0
1868,吟,1890949.0
1869,晒,1891067.0
1870,涉,1891185.0
1871,袖,1891303.0
1872,鹿,1891421.0
1873,絡,1891539.0
1874,頒,1891657.0
1875,蜜,1891775.0
1876,氏,1891892.0
1879,貢,1892009.0
1880,釘,1892126.0
1881,逢,1892243.0
1882,馳,1892360.0
1883,寞,1892477.0
1884,膨,1892594.0
1885,悶,1892710.0
1886,憤,1892826.0
1887,撲,1892942.0
1888,艱,1893058.0
1889,殼,1893173.0
1890,毀,1893288.0
1891,綜,1893403.0
1892,余,1893517.0
1893,茫,1893631.0
1894,煞,1893745.0
1895,瘋,1893859.0
1896,繩,1893973.0
1897,抑,1894086.0
1898,邦,1894199.0
1899,莖,1894312.0
1900,猴,1894425.0
1901,勉,1894537.0
1902,姻,1894649.0
1903,皆,1894761.0
1904,挺,1894873.0
1905,渴,1894985.0
1906,獄,1895097.0
1907,蟹,1895209.0
1908,鑑,1895321.0
1909,吞,1895432.0
1910,牢,1895543.0
1911,拼,1895654.0
1912,翁,1895765.0
1913,艇,1895876.0
1914,撐,1895987.0
1915,舌,1896097.0
1916,佩,1896207.0
1917,斑,1896317.0
1918,漏,1896427.0
1919,遞,1896537.0
1920,鄧,1896647.0
1921,鍋,1896757.0
1922,馨,1896867.0
1923,巷,1896976.0
1924,淑,1897085.0
1925,袍,1897194.0
1926,餅,1897303.0
1927,鋒,1897412.0
1928,樸,1897521.0
1929,蹟,1897630.0
1930,攤,1897739.0
1931,鷹,1897848.0
1932,拓,1897956.0
1933,慌,1898064.0
1936,儲,1898172.0
1937,盪,1898280.0
1938,孕,1898387.0
1939,郊,1898494.0
1940,浴,1898601.0
1941,喻,1898708.0
1942,搜,1898815.0
1943,矮,1898922.0
1944,漆,1899029.0
1945,蓄,1899136.0
1946,誘,1899243.0
1947,撫,1899350.0
1948,躺,1899457.0
1949,曆,1899564.0
1950,錶,1899671.0
1951,纏,1899778.0
1952,玫,1899884.0
1953,肢,1899990.0
1954,芽,1900096.0
1955,蒂,1900202.0
1956,餓,1900308.0
1957,芳,1900413.0
1958,柳,1900518.0
1959,倍,1900623.0
1960,逝,1900728.0
1961,蜂,1900833.0
1962,箭,1900938.0
1963,緻,1901043.0
1964,噪,1901148.0
1965,黏,1901253.0
1966,灌,1901358.0
1967,坑,1901462.0
1968,翅,1901566.0
1969,豈,1901670.0
1970,堪,1901774.0
1971,敦,1901878.0
1972,渾,1901982.0
1973,筒,1902086.0
1974,罩,1902190.0
1975,蒸,1902294.0
1976,頗,1902398.0
1977,潑,1902502.0
1978,駐,1902606.0
1979,辨,1902710.0
1980,妨,1902813.0
1981,霍,1902916.0
1982,勸,1903019.0
1983,贏,1903122.0
1984,霸,1903225.0
1985,斤,1903327.0
1986,汪,1903429.0
1987,妮,1903531.0
1988,恆,1903633.0
1989,准,1903735.0
1990,敘,1903837.0
1993,釣,1903939.0
1994,鵝,1904041.0
1995,洪,1904142.0
1996,俯,1904243.0
1997,掩,1904344.0
1998,菸,1904445.0
1999,菲,1904546.0
2000,菊,1904647.0
2001,窩,1904748.0
2002,穀,1904849.0
2003,卑,1904949.0
2004,肺,1905049.0
2005,糕,1905149.0
2006,斗,1905248.0
2007,侍,1905347.0
2008,旺,1905446.0
2009,臥,1905545.0
2010,柴,1905644.0
2011,陵,1905743.0
2012,慾,1905842.0
2013,毅,1905941.0
2014,蝴,1906040.0
2015,磚,1906139.0
2016,罕,1906237.0
2017,兔,1906335.0
2018,姆,1906433.0
2019,傘,1906531.0
2020,晴,1906629.0
2021,酬,1906727.0
2022,摘,1906825.0
2023,譽,1906923.0
2024,扎,1907020.0
2025,欠,1907117.0
2026,叮,1907214.0
2027,吊,1907311.0
2028,卵,1907408.0
2029,泛,1907505.0
2030,芭,1907602.0
2031,缸,1907699.0
2032,淘,1907796.0
2033,喚,1907893.0
2034,葛,1907990.0
2035,灘,1908087.0
2036,亭,1908183.0
2037,瑟,1908279.0
2038,瑰,1908375.0
2039,丘,1908470.0
2040,械,1908565.0
2041,涵,1908660.0
2042,傻,1908755.0
2043,瑪,1908850.0
2044,劍,1908945.0
2045,謠,1909040.0
2046,穫,1909135.0
2047,曰,1909229.0
2050,伙,1909323.0
2051,匠,1909417.0
2052,咬,1909511.0
2053,挫,1909605.0
2054,牲,1909698.0
2055,浩,1909791.0
2056,蚊,1909884.0
2057,掙,1909977.0
2058,脣,1910070.0
2059,羨,1910163.0
2060,腫,1910256.0
2061,誇,1910349.0
2062,碟,1910442.0
2063,箏,1910535.0
2064,繡,1910628.0
2065,攜,1910721.0
2066,蠶,1910814.0
2067,恰,1910906.0
2068,脅,1910998.0
2069,熊,1911090.0
2070,遜,1911182.0
2071,蔣,1911274.0
2072,霞,1911366.0
2073,繫,1911458.0
2074,纖,1911550.0
2075,糾,1911641.0
2076,紗,1911732.0
2077,逆,1911823.0
2078,葬,1911914.0
2079,嘛,1912005.0
2080,甄,1912096.0
2081,碳,1912187.0
2082,扇,1912277.0
2083,頃,1912367.0
2084,渦,1912457.0
2085,餵,1912547.0
2086,鬱,1912637.0
2087,玄,1912726.0
2088,拆,1912815.0
2089,昆,1912904.0
2090,屍,1912993.0
2091,脆,1913082.0
2092,蛇,1913171.0
2093,痴,1913260.0
2094,銳,1913349.0
2095,抖,1913437.0
2096,虹,1913525.0
2097,恭,1913613.0
2098,晃,1913701.0
2099,桑,1913789.0
2100,窄,1913877.0
2101,慨,1913965.0
2102,嬌,1914053.0
2103,潰,1914141.0
2104,狹,1914228.0
2105,匙,1914315.0
2106,歇,1914402.0
2107,奴,1914488.0
2108,舟,1914574.0
2109,佔,1914660.0
2110,倦,1914746.0
2111,紡,1914832.0
2112,郭,1914918.0
2113,嫁,1915004.0
2114,銘,1915090.0
2115,誼,1915176.0
2116,欄,1915262.0
2117,罐,1915348.0
2118,仿,1915433.0
2119,伍,1915518.0
2120,昇,1915603.0
2121,芬,1915688.0
2122,珊,1915773.0
2123,悔,1915858.0
2124,敞,1915943.0
2125,軸,1916028.0
2126,撥,1916113.0
2127,翼,1916198.0
2128,薯,1916283.0
2129,譬,1916368.0
2130,驕,1916453.0
2131,征,1916537.0
2132,嫌,1916621.0
2133,弊,1916705.0
2134,磁,1916789.0
2135,蕩,1916873.0
2136,污,1916956.0
2137,腺,1917039.0
2138,餃,1917122.0
2139,魅,1917205.0
2140,鴉,1917288.0
2141,燭,1917371.0
2142,鍊,1917454.0
2143,芙,1917536.0
2144,凌,1917618.0
2145,烤,1917700.0
2146,羞,1917782.0
2147,墊,1917864.0
2148,誦,1917946.0
2149,鞭,1918028.0
2150,蘆,1918110.0
2151,鶴,1918192.0
2152,斥,1918273.0
2153,妓,1918354.0
2154,抹,1918435.0
2155,倉,1918516.0
2156,拳,1918597.0
2157,脊,1918678.0
2158,睜,1918759.0
2159,碌,1918840.0
2160,蔬,1918921.0
2161,擋,1919002.0
2162,嶼,1919083.0
2163,糧,1919164.0
2164,鯨,1919245.0
2165,弦,1919325.0
2166,盾,1919405.0
2167,盼,1919485.0
2168,毯,1919565.0
2169,楞,1919645.0
2170,彰,1919725.0
2171,糞,1919805.0
2172,蕾,1919885.0
2173,懶,1919965.0
2174,蘿,1920045.0
2175,怖,1920124.0
2176,扁,1920203.0
2177,捏,1920282.0
2178,填,1920361.0
2179,澎,1920440.0
2180,償,1920519.0
2181,巢,1920597.0
2182,喘,1920675.0
2183,喉,1920753.0
2184,舅,1920831.0
2185,櫃,1920909.0
2186,犧,1920987.0
2187,匹,1921064.0
2188,昔,1921141.0
2189,娛,1921218.0
2190,臭,1921295.0
2191,惟,1921372.0
2192,煮,1921449.0
2193,嫩,1921526.0
2194,碩,1921603.0
2195,暮,1921680.0
2196,憾,1921757.0
2197,瞬,1921834.0
2198,禪,1921911.0
2199,瀑,1921988.0
2200,闢,1922065.0
2201,呵,1922141.0
2202,捧,1922217.0
2203,紮,1922293.0
2204,廈,1922369.0
2205,歉,1922445.0
2206,蔔,1922521.0
2207,螺,1922597.0
2208,謙,1922673.0
2209,癮,1922749.0
2210,妝,1922824.0
2211,卓,1922899.0
2212,頁,1922974.0
2213,株,1923049.0
2214,崖,1923124.0
2217,庸,1923199.0
2218,捲,1923274.0
2219,桶,1923349.0
2220,焚,1923424.0
2221,翔,1923499.0
2222,貶,1923574.0
2223,蝦,1923649.0
2224,賦,1923724.0
2225,醜,1923799.0
2226,譜,1923874.0
2227,騙,1923949.0
2228,矛,1924023.0
2229,穴,1924097.0
2230,汝,1924171.0
2231,牡,1924245.0
2232,芒,1924319.0
2233,泊,1924393.0
2234,玲,1924467.0
2235,脖,1924541.0
2236,蓬,1924615.0
2237,踐,1924689.0
2238,駝,1924763.0
2239,蕭,1924837.0
2240,抄,1924910.0
2241,扯,1924983.0
2242,乖,1925056.0
2243,屆,1925129.0
2244,瓷,1925202.0
2245,踩,1925275.0
2246,遮,1925348.0
2247,彌,1925421.0
2248,疆,1925494.0
2249,繳,1925567.0
2250,顛,1925640.0
2251,鹽,1925713.0
2252,夷,1925785.0
2253,呂,1925857.0
2254,帕,1925929.0
2255,拋,1926001.0
2256,俠,1926073.0
2257,喇,1926145.0
2258,廁,1926217.0
2259,脾,1926289.0
2260,萎,1926361.0
2261,愚,1926433.0
2262,酷,1926505.0
2263,賭,1926577.0
2264,燥,1926649.0
2265,鑼,1926721.0
2266,盲,1926792.0
2267,爽,1926863.0
2268,喬,1926934.0
2269,欽,1927005.0
2270,猩,1927076.0
2271,僑,1927147.0
2274,踢,1927218.0
2275,襯,1927289.0
2276,犬,1927359.0
2277,挨,1927429.0
2278,啞,1927499.0
2279,梨,1927569.0
2280,暈,1927639.0
2281,溶,1927709.0
2282,蕙,1927779.0
2283,濫,1927849.0
2284,瞧,1927919.0
2285,鵑,1927989.0
2286,轟,1928059.0
2287,忌,1928128.0
2288,赴,1928197.0
2289,倡,1928266.0
2290,訝,1928335.0
2291,愧,1928404.0
2292,跪,1928473.0
2293,遣,1928542.0
2294,蔡,1928611.0
2295,橘,1928680.0
2296,澡,1928749.0
2297,諧,1928818.0
2298,濤,1928887.0
2299,霜,1928956.0
2300,雛,1929025.0
2301,藩,1929094.0
2302,伐,1929162.0
2303,枚,1929230.0
2304,倘,1929298.0
2305,唸,1929366.0
2306,註,1929434.0
2307,裙,1929502.0
2308,蝕,1929570.0
2309,裸,1929638.0
2310,蹲,1929706.0
2311,吱,1929773.0
2312,妥,1929840.0
2313,肪,1929907.0
2314,咱,1929974.0
2315,晉,1930041.0
2316,掀,1930108.0
2317,逗,1930175.0
2318,趁,1930242.0
2319,頑,1930309.0
2320,魄,1930376.0
2321,枕,1930442.0
2322,芝,1930508.0
2323,喃,1930574.0
2324,壺,1930640.0
2325,棚,1930706.0
2326,辜,1930772.0
2327,賊,1930838.0
2328,飼,1930904.0
2331,瘧,1930970.0
2332,綱,1931036.0
2333,螢,1931102.0
2334,篷,1931168.0
2335,糟,1931234.0
2336,軀,1931300.0
2337,髒,1931366.0
2338,弗,1931431.0
2339,剎,1931496.0
2340,恍,1931561.0
2341,倚,1931626.0
2342,崩,1931691.0
2343,堤,1931756.0
2344,瑜,1931821.0
2345,鉛,1931886.0
2346,誓,1931951.0
2347,皺,1932016.0
2348,謎,1932081.0
2349,謹,1932146.0
2350,鬍,1932211.0
2351,騷,1932276.0
2352,髓,1932341.0
2353,仲,1932405.0
2354,吻,1932469.0
2355,俊,1932533.0
2356,咪,1932597.0
2357,洩,1932661.0
2358,衫,1932725.0
2359,戚,1932789.0
2360,莉,1932853.0
2361,欺,1932917.0
2362,惹,1932981.0
2363,燦,1933045.0
2364,顫,1933109.0
2365,巾,1933172.0
2366,允,1933235.0
2367,勾,1933298.0
2368,匪,1933361.0
2369,墜,1933424.0
2370,壘,1933487.0
2371,薦,1933550.0
2372,驟,1933613.0
2373,仕,1933675.0
2374,兆,1933737.0
2375,屁,1933799.0
2376,侯,1933861.0
2377,狠,1933923.0
2378,哩,1933985.0
2379,挽,1934047.0
2380,爹,1934109.0
2381,劣,1934170.0
2382,倆,1934231.0
2383,茲,1934292.0
2384,辱,1934353.0
2385,棲,1934414.0
2388,僧,1934475.0
2389,撰,1934536.0
2390,澄,1934597.0
2391,膝,1934658.0
2392,駱,1934719.0
2393,瞪,1934780.0
2394,矚,1934841.0
2395,沾,1934901.0
2396,畏,1934961.0
2397,范,1935021.0
2398,宵,1935081.0
2399,恥,1935141.0
2400,淒,1935201.0
2401,淪,1935261.0
2402,塢,1935321.0
2403,漿,1935381.0
2404,蔭,1935441.0
2405,凸,1935500.0
2406,矣,1935559.0
2407,沸,1935618.0
2408,娜,1935677.0
2409,偽,1935736.0
2410,腎,1935795.0
2411,鼎,1935854.0
2412,辣,1935913.0
2413,潭,1935972.0
2414,賠,1936031.0
2415,燙,1936090.0
2416,濱,1936149.0
2417,檳,1936208.0
2418,闖,1936267.0
2419,蘋,1936326.0
2420,叉,1936384.0
2421,仇,1936442.0
2422,歧,1936500.0
2423,咳,1936558.0
2424,唉,1936616.0
2425,哦,1936674.0
2426,殷,1936732.0
2427,疹,1936790.0
2428,梭,1936848.0
2429,莎,1936906.0
2430,喧,1936964.0
2431,甦,1937022.0
2432,煌,1937080.0
2433,聘,1937138.0
2434,嘻,1937196.0
2435,篩,1937254.0
2436,聳,1937312.0
2437,藤,1937370.0
2438,虐,1937427.0
2439,栗,1937484.0
2440,狼,1937541.0
2441,笨,1937598.0
2442,豚,1937655.0
2445,煤,1937712.0
2446,雌,1937769.0
2447,噹,1937826.0
2448,諷,1937883.0
2449,龜,1937940.0
2450,仗,1937996.0
2451,披,1938052.0
2452,拚,1938108.0
2453,衍,1938164.0
2454,宰,1938220.0
2455,莓,1938276.0
2456,湊,1938332.0
2457,犀,1938388.0
2458,絨,1938444.0
2459,菩,1938500.0
2460,溢,1938556.0
2461,颱,1938612.0
2462,儒,1938668.0
2463,鍾,1938724.0
2464,隸,1938780.0
2465,鬚,1938836.0
2466,狐,1938891.0
2467,昭,1938946.0
2468,訣,1939001.0
2469,逛,1939056.0
2470,墾,1939111.0
2471,窺,1939166.0
2472,懲,1939221.0
2473,饋,1939276.0
2474,坊,1939330.0
2475,役,1939384.0
2476,妳,1939438.0
2477,岳,1939492.0
2478,削,1939546.0
2479,拱,1939600.0
2480,搏,1939654.0
2481,睹,1939708.0
2482,僵,1939762.0
2483,嘩,1939816.0
2484,蟬,1939870.0
2485,蠟,1939924.0
2486,驢,1939978.0
2487,卜,1940031.0
2488,朽,1940084.0
2489,杉,1940137.0
2490,剝,1940190.0
2491,陡,1940243.0
2492,曹,1940296.0
2493,搞,1940349.0
2494,僚,1940402.0
2495,諒,1940455.0
2496,螞,1940508.0
2497,遵,1940561.0
2498,嚮,1940614.0
2499,醬,1940667.0
2502,嚷,1940720.0
2503,邪,1940772.0
2504,泣,1940824.0
2505,侶,1940876.0
2506,砂,1940928.0
2507,崗,1940980.0
2508,笛,1941032.0
2509,滔,1941084.0
2510,寡,1941136.0
2511,懇,1941188.0
2512,濕,1941240.0
2513,瓣,1941292.0
2514,嚼,1941344.0
2515,丸,1941395.0
2516,叨,1941446.0
2517,押,1941497.0
2518,杭,1941548.0
2519,帥,1941599.0
2520,梳,1941650.0
2521,堵,1941701.0
2522,傢,1941752.0
2523,惶,1941803.0
2524,晰,1941854.0
2525,雁,1941905.0
2526,募,1941956.0
2527,楓,1942007.0
2528,綁,1942058.0
2529,蜥,1942109.0
2530,墳,1942160.0
2531,撼,1942211.0
2532,頰,1942262.0
2533,禱,1942313.0
2534,辮,1942364.0
2535,釀,1942415.0
2536,辰,1942465.0
2537,祈,1942515.0
2538,茅,1942565.0
2539,斬,1942615.0
2540,焉,1942665.0
2541,傍,1942715.0
2542,雇,1942765.0
2543,僕,1942815.0
2544,嘲,1942865.0
2545,豎,1942915.0
2546,鋁,1942965.0
2547,遼,1943015.0
2548,濛,1943065.0
2549,輿,1943115.0
2550,籲,1943165.0
2551,○,1943214.0
2552,凶,1943263.0
2553,叭,1943312.0
2554,札,1943361.0
2555,泌,1943410.0
2556,矽,1943459.0
2559,拯,1943508.0
2560,陋,1943557.0
2561,屑,1943606.0
2562,栽,1943655.0
2563,衷,1943704.0
2564,豹,1943753.0
2565,偵,1943802.0
2566,婉,1943851.0
2567,掏,1943900.0
2568,逸,1943949.0
2569,裹,1943998.0
2570,蕉,1944047.0
2571,旱,1944095.0
2572,沛,1944143.0
2573,禿,1944191.0
2574,哇,1944239.0
2575,竿,1944287.0
2576,栓,1944335.0
2577,矩,1944383.0
2578,棟,1944431.0
2579,菁,1944479.0
2580,溯,1944527.0
2581,溺,1944575.0
2582,頌,1944623.0
2583,撤,1944671.0
2584,濁,1944719.0
2585,膩,1944767.0
2586,簷,1944815.0
2587,鏽,1944863.0
2588,戈,1944910.0
2589,汰,1944957.0
2590,拘,1945004.0
2591,叛,1945051.0
2592,冥,1945098.0
2593,剖,1945145.0
2594,秩,1945192.0
2595,覓,1945239.0
2596,鈔,1945286.0
2597,煥,1945333.0
2598,筷,1945380.0
2599,銜,1945427.0
2600,緝,1945474.0
2601,盧,1945521.0
2602,艙,1945568.0
2603,瀉,1945615.0
2604,瞻,1945662.0
2605,櫥,1945709.0
2606,簾,1945756.0
2607,蠅,1945803.0
2608,旨,1945849.0
2609,旬,1945895.0
2610,函,1945941.0
2611,坪,1945987.0
2612,拭,1946033.0
2613,歪,1946079.0
2616,冤,1946125.0
2617,峻,1946171.0
2618,挪,1946217.0
2619,浸,1946263.0
2620,掠,1946309.0
2621,淵,1946355.0
2622,揀,1946401.0
2623,盞,1946447.0
2624,凳,1946493.0
2625,綢,1946539.0
2626,締,1946585.0
2627,橡,1946631.0
2628,穆,1946677.0
2629,澀,1946723.0
2630,簇,1946769.0
2631,瀟,1946815.0
2632,簿,1946861.0
2633,襟,1946907.0
2634,襖,1946953.0
2635,灶,1946998.0
2636,刮,1947043.0
2637,卒,1947088.0
2638,卸,1947133.0
2639,陀,1947178.0
2640,卿,1947223.0
2641,畔,1947268.0
2642,飢,1947313.0
2643,眷,1947358.0
2644,棕,1947403.0
2645,腕,1947448.0
2646,媳,1947493.0
2647,詮,1947538.0
2648,賄,1947583.0
2649,榴,1947628.0
2650,槽,1947673.0
2651,褐,1947718.0
2652,賜,1947763.0
2653,錫,1947808.0
2654,黛,1947853.0
2655,邏,1947898.0
2656,鷺,1947943.0
2657,汀,1947987.0
2658,帆,1948031.0
2659,狄,1948075.0
2660,宛,1948119.0
2661,洶,1948163.0
2662,桐,1948207.0
2663,躬,1948251.0
2664,御,1948295.0
2665,梵,1948339.0
2666,奠,1948383.0
2667,袱,1948427.0
2668,暇,1948471.0
2669,煎,1948515.0
2670,煉,1948559.0
2673,澈,1948603.0
2674,膏,1948647.0
2675,瘤,1948691.0
2676,蕃,1948735.0
2677,釐,1948779.0
2678,廬,1948823.0
2679,壤,1948867.0
2680,鑲,1948911.0
2681,丫,1948954.0
2682,爪,1948997.0
2683,划,1949040.0
2684,吼,1949083.0
2685,邱,1949126.0
2686,畜,1949169.0
2687,耘,1949212.0
2688,彭,1949255.0
2689,渺,1949298.0
2690,筍,1949341.0
2691,榔,1949384.0
2692,嘔,1949427.0
2693,滲,1949470.0
2694,魁,1949513.0
2695,履,1949556.0
2696,賤,1949599.0
2697,輻,1949642.0
2698,徽,1949685.0
2699,兇,1949727.0
2700,杖,1949769.0
2701,沫,1949811.0
2702,芹,1949853.0
2703,茄,1949895.0
2704,框,1949937.0
2705,冕,1949979.0
2706,眺,1950021.0
2707,椰,1950063.0
2708,鉅,1950105.0
2709,摔,1950147.0
2710,竭,1950189.0
2711,億,1950231.0
2712,窯,1950273.0
2713,醇,1950315.0
2714,豫,1950357.0
2715,擱,1950399.0
2716,薛,1950441.0
2717,乍,1950482.0
2718,凹,1950523.0
2719,洽,1950564.0
2720,哼,1950605.0
2721,峭,1950646.0
2722,晝,1950687.0
2723,淇,1950728.0
2724,逍,1950769.0
2725,嗯,1950810.0
2726,榕,1950851.0
2727,蒜,1950892.0
2730,隙,1950933.0
2731,緞,1950974.0
2732,禦,1951015.0
2733,瓊,1951056.0
2734,竊,1951097.0
2735,鑿,1951138.0
2736,扔,1951178.0
2737,妃,1951218.0
2738,杞,1951258.0
2739,甸,1951298.0
2740,肖,1951338.0
2741,迦,1951378.0
2742,埔,1951418.0
2743,琉,1951458.0
2744,鈕,1951498.0
2745,詹,1951538.0
2746,澆,1951578.0
2747,瘡,1951618.0
2748,篤,1951658.0
2749,磯,1951698.0
2750,濾,1951738.0
2751,魏,1951778.0
2752,鯉,1951818.0
2753,攏,1951858.0
2754,攔,1951898.0
2755,繽,1951938.0
2756,躁,1951978.0
2757,乞,1952017.0
2758,匈,1952056.0
2759,圳,1952095.0
2760,坤,1952134.0
2761,祇,1952173.0
2762,涕,1952212.0
2763,浦,1952251.0
2764,烘,1952290.0
2765,梢,1952329.0
2766,棧,1952368.0
2767,儉,1952407.0
2768,歎,1952446.0
2769,熬,1952485.0
2770,瞇,1952524.0
2771,穎,1952563.0
2772,罹,1952602.0
2773,翰,1952641.0
2774,竄,1952680.0
2775,謬,1952719.0
2776,蠢,1952758.0
2777,黯,1952797.0
2778,攪,1952836.0
2779,鑰,1952875.0
2780,鸚,1952914.0
2781,勿,1952952.0
2782,伺,1952990.0
2783,匣,1953028.0
2784,抉,1953066.0
2787,怯,1953104.0
2788,哮,1953142.0
2789,秧,1953180.0
2790,淹,1953218.0
2791,淫,1953256.0
2792,啼,1953294.0
2793,窘,1953332.0
2794,瑚,1953370.0
2795,雍,1953408.0
2796,嶄,1953446.0
2797,熙,1953484.0
2798,蓉,1953522.0
2799,蒐,1953560.0
2800,樁,1953598.0
2801,瞎,1953636.0
2802,璧,1953674.0
2803,翹,1953712.0
2804,龐,1953750.0
2805,攬,1953788.0
2806,厄,1953825.0
2807,囚,1953862.0
2808,曳,1953899.0
2809,坎,1953936.0
2810,咕,1953973.0
2811,拌,1954010.0
2812,悍,1954047.0
2813,娶,1954084.0
2814,梧,1954121.0
2815,琦,1954158.0
2816,詭,1954195.0
2817,隕,1954232.0
2818,嘖,1954269.0
2819,摟,1954306.0
2820,槐,1954343.0
2821,熄,1954380.0
2822,稽,1954417.0
2823,蔓,1954454.0
2824,趟,1954491.0
2825,螃,1954528.0
2826,嚥,1954565.0
2827,峇,1954602.0
2828,灼,1954638.0
2829,岡,1954674.0
2830,肫,1954710.0
2831,砍,1954746.0
2832,耍,1954782.0
2833,郝,1954818.0
2834,屠,1954854.0
2835,棘,1954890.0
2836,搗,1954926.0
2837,肆,1954962.0
2838,蜀,1954998.0
2839,鉤,1955034.0
2840,撕,1955070.0
2841,朦,1955106.0
2844,蹦,1955142.0
2845,蠻,1955178.0
2846,妄,1955213.0
2847,甫,1955248.0
2848,咒,1955283.0
2849,枉,1955318.0
2850,沼,1955353.0
2851,栩,1955388.0
2852,胰,1955423.0
2853,荊,1955458.0
2854,茵,1955493.0
2855,啄,1955528.0
2856,啤,1955563.0
2857,崙,1955598.0
2858,嵌,1955633.0
2859,椎,1955668.0
2860,溉,1955703.0
2861,傭,1955738.0
2862,嗓,1955773.0
2863,寢,1955808.0
2864,摺,1955843.0
2865,滯,1955878.0
2866,瑣,1955913.0
2867,粹,1955948.0
2868,蔽,1955983.0
2869,蝸,1956018.0
2870,諮,1956053.0
2871,餡,1956088.0
2872,嚀,1956123.0
2873,薑,1956158.0
2874,瀕,1956193.0
2875,癢,1956228.0
2876,于,1956262.0
2877,云,1956296.0
2878,刪,1956330.0
2879,皂,1956364.0
2880,迄,1956398.0
2881,咐,1956432.0
2882,拙,1956466.0
2883,咯,1956500.0
2884,徊,1956534.0
2885,秒,1956568.0
2886,剔,1956602.0
2887,崎,1956636.0
2888,喳,1956670.0
2889,喲,1956704.0
2890,媚,1956738.0
2891,嗜,1956772.0
2892,塌,1956806.0
2893,嫂,1956840.0
2894,賈,1956874.0
2895,嘯,1956908.0
2896,蔥,1956942.0
2897,禧,1956976.0
2898,謊,1957010.0
2901,鵡,1957044.0
2902,弓,1957077.0
2903,丑,1957110.0
2904,吏,1957143.0
2905,汲,1957176.0
2906,拂,1957209.0
2907,杰,1957242.0
2908,炙,1957275.0
2909,柵,1957308.0
2910,倩,1957341.0
2911,奢,1957374.0
2912,徘,1957407.0
2913,棍,1957440.0
2914,絮,1957473.0
2915,韌,1957506.0
2916,禽,1957539.0
2917,稜,1957572.0
2918,葵,1957605.0
2919,蛻,1957638.0
2920,寥,1957671.0
2921,屢,1957704.0
2922,廖,1957737.0
2923,漩,1957770.0
2924,駁,1957803.0
2925,幢,1957836.0
2926,頹,1957869.0
2927,齋,1957902.0
2928,嚨,1957935.0
2929,瀾,1957968.0
2930,鹹,1958001.0
2931,囑,1958034.0
2932,纜,1958067.0
2933,沮,1958099.0
2934,姜,1958131.0
2935,昧,1958163.0
2936,枸,1958195.0
2937,炭,1958227.0
2938,砌,1958259.0
2939,苛,1958291.0
2940,倖,1958323.0
2941,哨,1958355.0
2942,哺,1958387.0
2943,眨,1958419.0
2944,虔,1958451.0
2945,凰,1958483.0
2946,紳,1958515.0
2947,蛛,1958547.0
2948,滄,1958579.0
2949,廓,1958611.0
2950,瘍,1958643.0
2951,綴,1958675.0
2952,蜿,1958707.0
2953,嘮,1958739.0
2954,嘿,1958771.0
2955,墮,1958803.0
2958,撈,1958835.0
2959,敷,1958867.0
2960,螂,1958899.0
2961,糙,1958931.0
2962,蟑,1958963.0
2963,檯,1958995.0
2964,瀆,1959027.0
2965,癒,1959059.0
2966,竅,1959091.0
2967,艦,1959123.0
2968,巍,1959155.0
2969,聾,1959187.0
2970,籤,1959219.0
2971,侃,1959250.0
2972,侏,1959281.0
2973,怡,1959312.0
2974,祀,1959343.0
2975,秉,1959374.0
2976,哎,1959405.0
2977,袁,1959436.0
2978,梗,1959467.0
2979,蛀,1959498.0
2980,傅,1959529.0
2981,嗽,1959560.0
2982,孵,1959591.0
2983,蜘,1959622.0
2984,蹄,1959653.0
2985,矯,1959684.0
2986,繃,1959715.0
2987,鴿,1959746.0
2988,朧,1959777.0
2989,饒,1959808.0
2990,襪,1959839.0
2991,纍,1959870.0
2992,飆,1959901.0
2993,毋,1959931.0
2994,汐,1959961.0
2995,巫,1959991.0
2996,杆,1960021.0
2997,咀,1960051.0
2998,姍,1960081.0
2999,耽,1960111.0
3000,胳,1960141.0
3001,兜,1960171.0
3002,悵,1960201.0
3003,聆,1960231.0
3004,趾,1960261.0
3005,揉,1960291.0
3006,萌,1960321.0
3007,畸,1960351.0
3008,裔,1960381.0
3009,摧,1960411.0
3010,裳,1960441.0
3011,蔚,1960471.0
3012,醋,1960501.0
3015,諱,1960531.0
3016,駭,1960561.0
3017,鵬,1960591.0
3018,,1960621.0
3019,勻,1960650.0
3020,軒,1960679.0
3021,惕,1960708.0
3022,烽,1960737.0
3023,焰,1960766.0
3024,舜,1960795.0
3025,嗅,1960824.0
3026,瑕,1960853.0
3027,墅,1960882.0
3028,瞄,1960911.0
3029,嫻,1960940.0
3030,幟,1960969.0
3031,摹,1960998.0
3032,樞,1961027.0
3033,鋸,1961056.0
3034,鮑,1961085.0
3035,斃,1961114.0
3036,蟋,1961143.0
3037,鍛,1961172.0
3038,嬸,1961201.0
3039,曠,1961230.0
3040,藻,1961259.0
3041,蘊,1961288.0
3042,囂,1961317.0
3043,蜒,1961346.0
3044,屯,1961374.0
3045,歹,1961402.0
3046,伶,1961430.0
3047,妖,1961458.0
3048,沐,1961486.0
3049,沃,1961514.0
3050,肘,1961542.0
3051,哄,1961570.0
3052,苔,1961598.0
3053,淮,1961626.0
3054,眶,1961654.0
3055,喀,1961682.0
3056,惰,1961710.0
3057,萍,1961738.0
3058,詠,1961766.0
3059,塘,1961794.0
